osm_id,fclass,name,type,coordenates
6473526422,tree,Árvore dos namorados,natural,"[-7.2388249, -35.8957819]"
6484775558,tree,Árvore do Parquinho,natural,"[-7.2384537, -35.8955244]"
6484775559,tree,Árvore da academia,natural,"[-7.2384745, -35.8958999]"
2071507263,christian,SEJA - Sociedade Espírita Joanna de Ângelis,pofw,"[-7.254699, -35.8786693]"
3428646843,christian_catholic,Convento Ipuarana,pofw,"[-7.1615986, -35.8530371]"
4254531549,christian_catholic,Catedral Diocesana Nossa Senhora da Conceição,pofw,"[-7.2183894, -35.8813284]"
4676590436,christian_protestant,Igreja Uiversal do Catolé,pofw,"[-7.2342199, -35.8769183]"
4676590437,christian_protestant,Igreja Evangélica Congregacional do Catolé,pofw,"[-7.2352595, -35.8765836]"
4676590440,christian_catholic,Capela Cristo Rei,pofw,"[-7.2340386, -35.8781916]"
4676852669,christian,Casa de Davi Casa de Oração,pofw,"[-7.2333486, -35.8786886]"
5304083924,christian_catholic,Paróquia de São Pedro,pofw,"[-7.2275004, -35.9188592]"
5304084124,christian,Templo dos Testemunhos de Jeová,pofw,"[-7.2283843, -35.9197002]"
5304084125,christian,Congregação Cristã do Brasil,pofw,"[-7.2284395, -35.9205902]"
5304084134,christian,Igreja Pentecosta Brasil para Cristo,pofw,"[-7.2284004, -35.9184161]"
5603392613,christian_catholic,Igreja Capela da Guia,pofw,"[-7.224299, -35.8915362]"
5640352626,christian_catholic,Igreja Senhor do Bonfim,pofw,"[-7.1670128, -35.9099547]"
5640366885,christian_catholic,Capela Santa Rita de Cássia,pofw,"[-7.177306, -35.9272679]"
5640385759,christian_catholic,Comunidade de São Pio X,pofw,"[-7.2212445, -35.8850271]"
5640385762,christian_catholic,Comunidade Católica Shalom Missão Campina Grande,pofw,"[-7.242413, -35.8922698]"
6063900351,christian_catholic,Igreja São José,pofw,"[-7.2254573, -35.8723184]"
6379836461,christian_catholic,igreja sao judas tadeu,pofw,"[-7.1878892, -35.8647696]"
6379836463,christian_methodist,igreja doutrina primitiva,pofw,"[-7.1867795, -35.8656923]"
6587831211,christian,Igreja A Caminho de Sião,pofw,"[-7.1846938, -35.8265374]"
1834731077,attraction,Museu de Arte Contemporânea da Paraíba,poi,"[-7.224074, -35.8789206]"
415521353,town,Queimadas,place,"[-7.3640404, -35.9016644]"
415521354,town,Fagundes,place,"[-7.3577473, -35.7839735]"
415521356,town,Massaranduba,place,"[-7.1812758, -35.7330712]"
415521357,city,Campina Grande,place,"[-7.2246743, -35.8771292]"
415521358,town,Lagoa Seca,place,"[-7.157099, -35.8542023]"
416642694,village,Catolé,place,"[-7.2709229, -36.0972865]"
416642772,village,São José da Mata,place,"[-7.1797081, -35.9864571]"
416654203,hamlet,Brito,place,"[-7.298744, -35.736667]"
1662660361,village,Jenipapo,place,"[-7.1667283, -35.9102866]"
2255843003,suburb,Santa Terezinha,place,"[-7.2454066, -35.8497253]"
2337752836,suburb,Vila Cabral,place,"[-7.2422982, -35.8666853]"
2337752837,hamlet,Araxá,place,"[-7.2036653, -35.9049475]"
1870685185,bar,Bar do Alex,poi,"[-7.2729502, -35.9090451]"
2071497629,bar,Bar do Federal,poi,"[-7.2559868, -35.880917]"
2071527754,restaurant,Murão Restaurante & Churrascaria,poi,"[-7.2480953, -35.8797205]"
2071593164,restaurant,Churrascaria do Paraná,poi,"[-7.2493828, -35.8900794]"
2071593179,restaurant,JB Quentinhas,poi,"[-7.2481163, -35.8870432]"
2071593196,restaurant,Restaurante Paulistano,poi,"[-7.2484569, -35.8877781]"
2071819469,supermarket,Supermercado Bilão,poi,"[-7.2419452, -35.8944486]"
2073167465,restaurant,Restaurante Miúra,poi,"[-7.2299416, -35.8841012]"
2073316148,restaurant,Picanha 2000,poi,"[-7.2146051, -35.8772704]"
2073316159,restaurant,Recanto do Picuí,poi,"[-7.2135716, -35.8775727]"
2073316174,restaurant,China Taiwan,poi,"[-7.2126802, -35.8755423]"
2073316193,hotel,Hotel do Vale,poi,"[-7.2157908, -35.8782325]"
2073316200,school,Wizard,poi,"[-7.2158973, -35.8779268]"
2073321280,restaurant,Villa Chopp,poi,"[-7.2126134, -35.8771402]"
2073321288,restaurant,Show Bar,poi,"[-7.2115173, -35.8769612]"
2073331908,restaurant,Restaurante O Lindão,poi,"[-7.1979141, -35.8785812]"
2538683270,police,Polícia Rodoviária Federal,poi,"[-7.2540615, -35.8307348]"
2337752838,suburb,Serrotão,place,"[-7.2152507, -35.941615]"
2337752839,suburb,Monte Santo,place,"[-7.2121449, -35.9000985]"
2337752841,suburb,Louzeiro,place,"[-7.2030693, -35.8902325]"
2337752842,hamlet,Distrito Industrial,place,"[-7.2602014, -35.8837902]"
2337752844,suburb,Castelo Branco,place,"[-7.2139666, -35.8649933]"
2337752845,suburb,Novo Bodocongó,place,"[-7.2024108, -35.9242851]"
2337752846,suburb,Itararé,place,"[-7.2532174, -35.8799067]"
2337752847,suburb,Nações,place,"[-7.1916585, -35.8770096]"
2337752848,suburb,Jardim Tavares,place,"[-7.2047824, -35.870843]"
2337752849,suburb,Tambor,place,"[-7.2501279, -35.8882849]"
2337752850,suburb,Centenário,place,"[-7.2271252, -35.9043288]"
2337752851,suburb,São José,place,"[-7.2262445, -35.8922067]"
2337752852,suburb,Lauritzen,place,"[-7.2119743, -35.8802466]"
2337752853,suburb,Santo Antônio,place,"[-7.2169365, -35.8728533]"
2337752856,suburb,Nova Brasília,place,"[-7.2169395, -35.8580035]"
2337752857,suburb,Malvinas,place,"[-7.2386284, -35.934277]"
2337752858,suburb,Cuités,place,"[-7.186464, -35.9039175]"
2337752859,suburb,Bodocongó,place,"[-7.2190292, -35.9191986]"
2337752860,suburb,José Pinheiro,place,"[-7.2256343, -35.8722073]"
2337752861,suburb,Liberdade,place,"[-7.2364481, -35.8925921]"
2337752862,suburb,Jeremias,place,"[-7.2032806, -35.9014029]"
2337752864,suburb,Palmeira,place,"[-7.2109874, -35.8937262]"
2337752865,suburb,Sandra Cavalcante,place,"[-7.2442318, -35.8755544]"
2337752866,suburb,Universitário,place,"[-7.208052, -35.9112492]"
2337752867,suburb,Bela Vista,place,"[-7.2191718, -35.9018536]"
2337752868,suburb,Jardim Paulistano,place,"[-7.2501219, -35.8955181]"
2337752876,suburb,Portal Sudoeste,place,"[-7.2614965, -35.9350459]"
2337752879,suburb,Ramadinha,place,"[-7.2193332, -35.9286796]"
2337752881,village,Centro,place,"[-7.2188586, -35.8819448]"
2337752883,suburb,Jardim Continental,place,"[-7.1934852, -35.8885586]"
2337752889,suburb,Velame,place,"[-7.2708634, -35.9015938]"
2337752892,suburb,Cidades,place,"[-7.279352, -35.9322804]"
2337752898,suburb,Alto Branco,place,"[-7.2022177, -35.8819019]"
2337752901,suburb,Quarenta,place,"[-7.2320028, -35.8980388]"
2337752903,suburb,Mirante,place,"[-7.2332998, -35.8664996]"
2337752909,suburb,Monte Castelo,place,"[-7.2200227, -35.8657216]"
2337756237,hamlet,Lucas,place,"[-7.2540051, -35.968724]"
2337756248,hamlet,Capim Grande,place,"[-7.2193971, -35.9961855]"
2337756257,hamlet,Estreito,place,"[-7.2644393, -35.9932672]"
2338721793,hamlet,Marinho,place,"[-7.1983858, -35.8379202]"
2380741606,hamlet,Zé Velho,place,"[-7.3419182, -35.8976195]"
2464847992,locality,Reino Verde,place,"[-7.269445, -35.7962722]"
2561545392,hamlet,Juracy Palhano,place,"[-7.1875783, -35.8660785]"
2682777283,hamlet,Loteamento Cássio Cunha Lima,place,"[-7.3678889, -35.8882484]"
2934896096,village,Galante,place,"[-7.3053512, -35.7806549]"
3357854443,suburb,Acácio Figueiredo,place,"[-7.2658916, -35.9182951]"
3357854457,suburb,Catolé,place,"[-7.2347895, -35.878685]"
3357854468,suburb,Conceição,place,"[-7.211189, -35.8867953]"
3357854470,suburb,Cruzeiro,place,"[-7.2489388, -35.9025322]"
3357854471,suburb,Dinamérica,place,"[-7.2361213, -35.9155648]"
3357854486,suburb,Jardim Quarenta,place,"[-7.2375015, -35.9005421]"
3357855320,suburb,Prata,place,"[-7.223611, -35.8933216]"
3357855321,suburb,Presidente Médici,place,"[-7.2509238, -35.9106461]"
3357855329,suburb,Santa Cruz,place,"[-7.2447219, -35.9100413]"
3357855331,suburb,Santa Rosa,place,"[-7.2337088, -35.9065523]"
4522121307,village,Lagoa de Dentro,place,"[-7.197923, -35.9548885]"
4908255975,suburb,Aluízio Campos,place,"[-7.2904735, -35.8821737]"
5322804409,locality,Vila Maria da Luz,place,"[-7.2552747, -35.8119925]"
6587813251,village,Chã do Marinho,place,"[-7.1824728, -35.825135]"
687797006,fuel,Posto Monumento,traffic,"[-7.226143, -35.876283]"
797774689,fuel,Posto Milênio,traffic,"[-7.2759665, -35.9043309]"
1570283133,fuel,Posto Dallas,traffic,"[-7.2877303, -35.8901357]"
2071814590,fuel,Posto Sat,traffic,"[-7.2509918, -35.8785377]"
2073167510,fuel,Posto Dallas,traffic,"[-7.2297873, -35.8830444]"
2073174406,fuel,Posto de Combustível Marília,traffic,"[-7.227648, -35.8861558]"
2073316166,fuel,Posto Viaduto,traffic,"[-7.2165732, -35.8768807]"
2073321285,fuel,Posto Santa Ana,traffic,"[-7.2100176, -35.875924]"
2641071175,fuel,Posto Lagoão,traffic,"[-7.2027563, -35.9519703]"
2682777275,fuel,BR,traffic,"[-7.3630776, -35.9027672]"
2682778023,speed_camera,Semaforo,traffic,"[-7.3637786, -35.9023323]"
4251891690,fuel,Posto Anel Do Brejo,traffic,"[-7.2112689, -35.8836729]"
4305324692,fuel,Vieira,traffic,"[-7.1819901, -35.9846737]"
4404613353,parking,Estacionamento Futurama,traffic,"[-7.2196134, -35.883678]"
4525170649,fuel,GS Auto Posto,traffic,"[-7.2476711, -35.8721597]"
4525170650,fuel,Posto MasterGás,traffic,"[-7.2526068, -35.8870594]"
4525170651,fuel,Posto Amigão,traffic,"[-7.2571779, -35.8873759]"
4525170652,fuel,Posto Sudoeste,traffic,"[-7.2778154, -35.8968857]"
4525193175,fuel,Posto Unigás,traffic,"[-7.2172407, -35.9131607]"
4527180600,fuel,Posto Santo António,traffic,"[-7.2178669, -35.8760549]"
4944945724,fuel,Presidente,traffic,"[-7.2152258, -35.8903181]"
5002163438,fuel,Posto Santo António,traffic,"[-7.2570561, -35.9284933]"
5304084147,fuel,Posto Fechine,traffic,"[-7.2282626, -35.915523]"
5608397567,service,Borracharia,traffic,"[-7.223951, -35.8931325]"
5641864080,fuel,Posto Alto da Serra,traffic,"[-7.1803822, -35.9066602]"
6227469285,fuel,Posto Laís XVI,traffic,"[-7.23107, -35.9098786]"
6308836851,fuel,Posto Shopping,traffic,"[-7.2342984, -35.8688915]"
6314154682,fuel,Posto Fechine,traffic,"[-7.2348598, -35.8797786]"
6338302189,fuel,Fechine,traffic,"[-7.234934, -35.8797285]"
1729117374,railway_station,Estação Nova de Campina Grande,transport,"[-7.2285872, -35.885234]"
2459986676,railway_station,Álvaro Machado,transport,"[-7.3058194, -35.7792329]"
2460418830,railway_station,Massapé,transport,"[-7.3007078, -35.8546212]"
2539001970,bus_station,Terminal Rodoviário de Campina Grande,transport,"[-7.2379999, -35.8698435]"
6593670748,bus_stop,5,transport,"[-7.2207564, -35.8890941]"
6593670749,bus_stop,4,transport,"[-7.2207162, -35.88925]"
6593670750,bus_stop,3,transport,"[-7.2206656, -35.8894462]"
6593670751,bus_stop,2,transport,"[-7.220619, -35.8896269]"
6593670752,bus_stop,1,transport,"[-7.2205788, -35.8897825]"
6593670753,bus_stop,6,transport,"[-7.2204943, -35.8897638]"
6593670754,bus_stop,5,transport,"[-7.2205355, -35.8896067]"
6593670755,bus_stop,4,transport,"[-7.2205828, -35.8894262]"
6593670756,bus_stop,3,transport,"[-7.2206342, -35.8892305]"
6593670757,bus_stop,2,transport,"[-7.2206746, -35.8890764]"
6593670758,bus_stop,1,transport,"[-7.2207083, -35.888948]"
6593670759,bus_stop,6,transport,"[-7.2207888, -35.8889688]"
5299812922,bank,Caixa,poi,"[-7.217807, -35.8906183]"
2682310200,supermarket,Supermercado Compre Mais,poi,"[-7.2103785, -35.8987615]"
2682777286,hospital,Maternidade,poi,"[-7.3654375, -35.90065]"
2682777288,police,Polícia Rodoviária Federal,poi,"[-7.37406, -35.89854]"
2719569238,hotel,Pousada Granville,poi,"[-7.2364745, -35.8999972]"
2719596791,restaurant,Pestiscaria,poi,"[-7.2224927, -35.8833234]"
2901198911,restaurant,Sapore d´ Itália,poi,"[-7.2180194, -35.8750915]"
3202260312,attraction,Pedra de Santo Antônio,poi,"[-7.3439867, -35.7976657]"
3314919483,attraction,Estátua de Luiz Gonzaga e Jackson do Pandeiro,poi,"[-7.2243929, -35.8801034]"
3317189975,school,Colégio Motiva Catolé,poi,"[-7.2383819, -35.8814413]"
3319282767,mall,Shopping Luiza Motta,poi,"[-7.2343574, -35.8794886]"
3319451151,swimming_pool,Clube Campestre,poi,"[-7.2479097, -35.8731112]"
3428639390,pitch,Ginásio Municipal Santiago Herculano de Lima,poi,"[-7.1630425, -35.8584188]"
3659251147,attraction,Centro de Convenções Raimundo Asfora,poi,"[-7.2376454, -35.8623637]"
3858010792,school,Escola Estadual Irmã Zuleide Porto,poi,"[-7.2132209, -35.8556818]"
3913351258,pharmacy,Hiper Redepharm,poi,"[-7.2179009, -35.8848251]"
3962047670,restaurant,Tropeiros da Borborema,poi,"[-7.1669406, -36.0591273]"
3969582489,police,Polícia Rodoviária Federal,poi,"[-7.1558329, -36.091085]"
4251891689,bakery,Panificadora Servilha,poi,"[-7.2106949, -35.8762148]"
4254531548,supermarket,Redecompras,poi,"[-7.2181487, -35.8809001]"
4261858292,attraction,Monumento aos Tropeiros da Borborema,poi,"[-7.2250976, -35.877391]"
4270824952,fire_station,Corpo de Bombeiros,poi,"[-7.2279414, -35.8888655]"
4363369690,mall,Vila do Artesão,poi,"[-7.2282314, -35.8902085]"
4363373377,clothes,Jetset moda masculina,poi,"[-7.2207829, -35.8864574]"
4394511167,park,Praça Central de Galante,poi,"[-7.3056442, -35.7785565]"
4394512094,fast_food,Pizzaria do Zelito,poi,"[-7.3058407, -35.7791246]"
4404565378,furniture_shop,Loja Armazém Paraíba,poi,"[-7.3642016, -35.902361]"
4404565379,fast_food,Subway,poi,"[-7.3629795, -35.9023072]"
4404565380,fast_food,Tapioca do Irmão Jairo,poi,"[-7.3463357, -35.8998611]"
4404584305,bar,Bar do Bode,poi,"[-7.2931151, -35.8904403]"
4404592963,doityourself,Carajás,poi,"[-7.2403456, -35.8878015]"
4408591888,supermarket,Supermercado Ideal,poi,"[-7.2192788, -35.8800458]"
4512823267,hotel,Confortel Executive,poi,"[-7.2206863, -35.9132374]"
4676590438,pub,Baiba Espetinho,poi,"[-7.2351308, -35.8772151]"
4676590439,monument,Mural de Aimes e Jogos,poi,"[-7.2348075, -35.8773371]"
4829694722,viewpoint,Ponto aproximado,poi,"[-7.2093448, -35.9424517]"
4895337423,motel,Pousada Laranjeiras,poi,"[-7.2589559, -35.8107826]"
4895375121,restaurant,Restaurante Laranjeiras,poi,"[-7.2587121, -35.8109535]"
4944945723,furniture_shop,Espaço D,poi,"[-7.2148423, -35.8905858]"
4944963421,doityourself,O Vergalhão - home center,poi,"[-7.2147218, -35.8908233]"
4944963521,doityourself,Central Revestir,poi,"[-7.2149734, -35.8907896]"
4978394195,cinema,Cinesercla,poi,"[-7.2357559, -35.8704561]"
5002163437,restaurant,Churrascaria Alto da Serra,poi,"[-7.2029645, -35.9522976]"
5093236128,fast_food,Açaí Concept,poi,"[-7.2216496, -35.8843678]"
5093236129,restaurant,Subway,poi,"[-7.2207429, -35.884443]"
5093236424,restaurant,La Suissa,poi,"[-7.2215397, -35.8845835]"
5099031421,fast_food,Cactos Lanches,poi,"[-7.2231446, -35.8781853]"
5198314222,school,Escola Estadual Irmã Joaquina Sampaio,poi,"[-7.2084695, -35.9470109]"
5198961524,restaurant,Skin Temakeria,poi,"[-7.2203037, -35.8896948]"
5204002426,dentist,Sorrifácil,poi,"[-7.2228103, -35.8894372]"
5204002427,doityourself,Comercial Braga,poi,"[-7.2205786, -35.8680702]"
5204002428,pharmacy,Farmácia Dias,poi,"[-7.2208431, -35.8680429]"
5204014524,supermarket,Bem Barato,poi,"[-7.2207679, -35.868309]"
5204024221,bakery,Pão da Vida,poi,"[-7.2210276, -35.8682895]"
5204026721,school,Escola Sonho e Realidade,poi,"[-7.2212244, -35.8679327]"
5204769721,fast_food,Giga Byte,poi,"[-7.2213059, -35.8781558]"
5204769722,memorial,Busto de Elpídio de Almeida,poi,"[-7.2214348, -35.8779785]"
5204769821,restaurant,O Skinão,poi,"[-7.22102, -35.8780509]"
5204769921,car_dealership,Sariema Novos e Seminovos,poi,"[-7.2140292, -35.8920612]"
5204769922,clothes,Forte Militar,poi,"[-7.2222983, -35.8836271]"
5204770121,hairdresser,Jô Fashion,poi,"[-7.2227064, -35.8836446]"
5204770421,restaurant,Frida Tacos,poi,"[-7.2210023, -35.8851433]"
5206835513,pub,Saloon Bar,poi,"[-7.2221387, -35.8915152]"
5206843564,bakery,Massas Finas,poi,"[-7.2148052, -35.8701111]"
5206843565,convenience,Sousa,poi,"[-7.2150194, -35.8700884]"
5233156556,restaurant,Espaço carioca,poi,"[-7.2924217, -35.8902365]"
5233162323,restaurant,Chapéu de Couro,poi,"[-7.2860073, -35.8902492]"
5266120039,school,Irmã Estefani,poi,"[-7.2571225, -35.9248373]"
5266963932,fast_food,The H,poi,"[-7.221039, -35.8825832]"
5267142222,school,E. E. E. F. Irmã Stefanie,poi,"[-7.2570866, -35.9247248]"
5267149421,hospital,Posto de Saúde do Cinza,poi,"[-7.2531494, -35.9258071]"
5267150423,school,Escola Municipal Manuel Francisco da Motta,poi,"[-7.2192118, -35.9183366]"
5267162421,school,Escola Cidadã Integral Severino Cabral,poi,"[-7.2264066, -35.9189316]"
5287349921,school,Escola Polivalente Senador Argemiro de Figueiredo,poi,"[-7.2377514, -35.875443]"
5291874722,newsagent,Banca Revistalândia,poi,"[-7.2194459, -35.8850892]"
5291969321,newsagent,Banca do Orlando,poi,"[-7.2195655, -35.8851427]"
5291969322,pharmacy,Pague Menos,poi,"[-7.2275304, -35.8767227]"
5291969521,stationery,Casa do Colegial,poi,"[-7.2192045, -35.8846693]"
5291969522,dentist,Eydental,poi,"[-7.2192734, -35.8846453]"
5291969523,gift_shop,O Boticário,poi,"[-7.219129, -35.8851623]"
5291969524,pharmacy,Pague Menos,poi,"[-7.2188279, -35.8848585]"
5291969821,pharmacy,RedePharma,poi,"[-7.2189974, -35.8847781]"
5291969921,optician,Diniz,poi,"[-7.2187521, -35.8848927]"
5299812923,hotel,Hotel Getúlio Vargas,poi,"[-7.2182064, -35.8909177]"
5302537621,bank,Santander,poi,"[-7.2194868, -35.8756835]"
5302537721,butcher,Super Atacado Bom Todo,poi,"[-7.2192447, -35.8758251]"
5302537722,bar,Bosque's Bar,poi,"[-7.1780344, -36.0216754]"
5302537821,stationery,Casa do Colegial,poi,"[-7.2190209, -35.8758617]"
5302537822,shoe_shop,Via Aezza,poi,"[-7.2187326, -35.8759148]"
5304083937,fast_food,Panificadora Leal,poi,"[-7.228147, -35.9191773]"
5322926798,attraction,Memorial do Trem,poi,"[-7.2289321, -35.8848184]"
5325616426,restaurant,Petrópilos Steakhouse,poi,"[-7.2348847, -35.8691635]"
5338172440,fast_food,Giraffa's,poi,"[-7.2343835, -35.8678931]"
5341537621,restaurant,Nutri Vida,poi,"[-7.2217772, -35.8837784]"
5371545620,fast_food,Skina da Tapioca,poi,"[-7.2503789, -35.8961686]"
5411239821,restaurant,Tio Wei,poi,"[-7.2351077, -35.8779762]"
5412575926,bar,Régua Spetuss,poi,"[-7.2149701, -35.8699378]"
5414449423,bar,Bar do Evandro,poi,"[-7.2142583, -35.8701775]"
5414454323,hairdresser,Barbearia,poi,"[-7.2145, -35.870148]"
5414455021,convenience,Mercadinho do Zezinho,poi,"[-7.2141263, -35.869956]"
5414455221,car_wash,Preço Bom,poi,"[-7.2139772, -35.8700438]"
5415216822,bar,Bar do Dudu,poi,"[-7.2623621, -35.9212881]"
5415216823,hairdresser,Barbershop,poi,"[-7.2024409, -35.9513592]"
5415216824,fast_food,Lanchonete DR,poi,"[-7.2011056, -35.9521105]"
5415216921,guesthouse,Pousada Sudoeste,poi,"[-7.2774069, -35.8970139]"
5415216922,bar,Eskina Bar,poi,"[-7.263651, -35.9199246]"
5415216923,fast_food,Oca do Açaí,poi,"[-7.1999471, -35.9527548]"
5522853822,greengrocer,TABACARIA DO TITO,poi,"[-7.2184168, -35.8799026]"
5523534421,convenience,Casa mãe Ailton,poi,"[-7.2228888, -35.8934518]"
5540393921,guesthouse,Ailton casa,poi,"[-7.2498815, -35.9138083]"
5542731963,pharmacy,Farmacia dias,poi,"[-7.2300156, -35.8774784]"
5542739587,restaurant,Restaurante do Sosthenis,poi,"[-7.2352313, -35.8757829]"
5607725980,school,Yázigi,poi,"[-7.2217291, -35.8952021]"
5608287852,fast_food,Pastel do Galego,poi,"[-7.2241803, -35.8931851]"
5608290570,video_shop,Vison Locadora,poi,"[-7.2238136, -35.8950506]"
5608290572,bakery,Panificadora Fripão,poi,"[-7.2232558, -35.8947132]"
5608333852,pharmacy,Farmacia Dias,poi,"[-7.2208646, -35.8940696]"
5608334369,fast_food,Subway,poi,"[-7.2205205, -35.8955066]"
5608368229,supermarket,Supermecado Todo Dia,poi,"[-7.2171441, -35.8961363]"
5608378793,restaurant,Forno de Pizza,poi,"[-7.22823, -35.8935167]"
5608381068,bakery,Panificadora Point das Massas,poi,"[-7.2239738, -35.8965969]"
5608383322,hospital,Hospital João XXIII,poi,"[-7.2162633, -35.8937334]"
5608391933,fast_food,Tartaruga Burg,poi,"[-7.2221104, -35.8926314]"
5608392327,veterinary,Bicho Mimado,poi,"[-7.2219986, -35.8926153]"
5608399214,fast_food,A Matutinha,poi,"[-7.2238073, -35.8925183]"
5631320822,bank,Banco Itaú,poi,"[-7.2175544, -35.8861757]"
5631320823,pharmacy,Dias,poi,"[-7.2182135, -35.8810021]"
5631320824,clothes,Santa Cruz,poi,"[-7.2094178, -35.8758313]"
5631325623,bank,Banco do Nordeste,poi,"[-7.2170647, -35.885738]"
5631325625,pharmacy,Dias,poi,"[-7.2096425, -35.875872]"
5631325626,restaurant,Urca Grill,poi,"[-7.2090667, -35.8760437]"
5631325627,fast_food,Subway,poi,"[-7.2088845, -35.8756735]"
5631343222,cafe,Café Vila Nova da Rainha,poi,"[-7.20925, -35.8757983]"
5632478021,doctors,Pele,poi,"[-7.2219504, -35.8928657]"
5636186827,restaurant,Natural's,poi,"[-7.2200411, -35.8816749]"
5640351819,supermarket,Panificadora e Mercadinho Novo Horizonte,poi,"[-7.1669542, -35.9102685]"
5640351820,stationery,Jenipapo Internet e Papelaria,poi,"[-7.1667999, -35.9104536]"
5640352621,bakery,Panificadora Belém Efrata,poi,"[-7.1665471, -35.9105072]"
5640352622,pharmacy,Fármacia Rede Vida,poi,"[-7.166744, -35.9105233]"
5640352623,school,Escola Estadual Severiano Pedro do Nascimento,poi,"[-7.1685829, -35.9090052]"
5640352624,school,Escola José André da Rocha,poi,"[-7.1670075, -35.9094612]"
5640352625,school,Escola Marizete Raposo Nascimento,poi,"[-7.1675279, -35.9095607]"
5640352628,butcher,Açougue 3 Corações,poi,"[-7.1668425, -35.9104107]"
5656971831,bar,Bar do Nilson,poi,"[-7.2246394, -35.8875043]"
5659473922,doityourself,Madeireira Planalto,poi,"[-7.2158331, -35.8911761]"
5659476521,doityourself,Central da Construção,poi,"[-7.21556, -35.891047]"
5659476522,recycling,Replastil,poi,"[-7.2157723, -35.8913339]"
5659476821,doityourself,Casa do Encanador,poi,"[-7.2157205, -35.891439]"
5777118754,fast_food,Paladar da Terra,poi,"[-7.2685641, -35.8941047]"
5777118853,car_rental,Movida,poi,"[-7.2685993, -35.8941372]"
5777118953,travel_agent,Delta Tour Viagens,poi,"[-7.2685703, -35.8941717]"
5777119153,fast_food,Bonna Pizza,poi,"[-7.268588, -35.8940688]"
5847410891,doctors,Clínica de Olhos Francisco Pinto,poi,"[-7.2150839, -35.885269]"
5859152650,mall,Solare Empresarial,poi,"[-7.2237191, -35.8981039]"
5930370688,attraction,Monumento a João Rique,poi,"[-7.2174255, -35.8857237]"
5941566438,mall,Shopping Edson Diniz,poi,"[-7.2194609, -35.8844969]"
5962926708,fast_food,Cycy Massas Finas,poi,"[-7.2263507, -35.8724254]"
5975306987,convenience,Mercearia São José,poi,"[-7.2523644, -35.9337579]"
5975642586,fast_food,Tapioca,poi,"[-7.238844, -35.8714151]"
5975642587,convenience,Pães e Lanches,poi,"[-7.2389159, -35.8716642]"
5975642588,cafe,Café Desembarque,poi,"[-7.2390409, -35.8716565]"
5975642589,convenience,Posto do Eraldo,poi,"[-7.2390804, -35.871876]"
5975642590,post_box,Rodoviária,poi,"[-7.2391153, -35.8716454]"
5975643485,fast_food,Churros e Lanches,poi,"[-7.2390439, -35.8715668]"
5975643486,fast_food,Parada Obrigatória,poi,"[-7.2389765, -35.8714804]"
5975643487,fast_food,Q-Delícia,poi,"[-7.2390129, -35.8717954]"
5975643985,convenience,Banca e Conveniência,poi,"[-7.2389716, -35.8717366]"
6161549388,bank,Caixa,poi,"[-7.2215745, -35.8750382]"
6211303587,police,Polícia Militar,poi,"[-7.2385689, -35.8712428]"
6211303786,convenience,Loja de Conveniência e Variedades,poi,"[-7.2383806, -35.8709709]"
6211303787,fast_food,Ki-Lanches,poi,"[-7.2384143, -35.8710273]"
6211303788,fast_food,Kabana Burg,poi,"[-7.2384585, -35.8710881]"
6211303789,convenience,Gabriela,poi,"[-7.2385237, -35.8710179]"
6211303791,convenience,Fiteiro,poi,"[-7.2385235, -35.8708006]"
6211303985,fast_food,Tapiocaria,poi,"[-7.238258, -35.8708255]"
6211304185,fast_food,Davi Lanches,poi,"[-7.2383408, -35.8709225]"
6211304187,restaurant,Sabor da Terra,poi,"[-7.2391395, -35.8715715]"
6211305285,cafe,RG Lanches,poi,"[-7.2385716, -35.8710837]"
6211305286,fast_food,Lara Lanches,poi,"[-7.2386153, -35.8711533]"
6229530917,kindergarten,Unidade Pedagógica 16 de Julho,poi,"[-7.2268053, -35.8723274]"
6245544412,bar,Bar do Nil,poi,"[-7.2258141, -35.8739635]"
6248334778,butcher,Granja Santa Ana,poi,"[-7.225507, -35.8739704]"
6248353755,convenience,Mercearia do Seu Basto,poi,"[-7.2256618, -35.8741232]"
6253717386,bar,Sapateiro's Bar,poi,"[-7.2230873, -35.8682807]"
6253717387,car_wash,Santo António,poi,"[-7.217125, -35.8677635]"
6267829421,pharmacy,Drogasil,poi,"[-7.2261414, -35.8765331]"
6267836734,convenience,Monumento Café,poi,"[-7.2261188, -35.8764406]"
6269333201,restaurant,Bodódromo Bar e Restaurante,poi,"[-7.2243067, -35.8754642]"
6270424536,restaurant,O Escritório Bar & Restaurante,poi,"[-7.2265206, -35.8765224]"
6274376839,mall,Shopping Pátio Cidade Nova,poi,"[-7.2132414, -35.9224805]"
6311787886,school,E M Pinheiro Guedes,poi,"[-7.1656795, -36.0478167]"
6311787887,restaurant,Morada do Sol,poi,"[-7.1810941, -35.9869788]"
6311788887,restaurant,Mirante Moriá,poi,"[-7.1798393, -35.9921604]"
6311788888,convenience,Mini Box do Murilo,poi,"[-7.1825581, -35.9842438]"
6317125849,convenience,Mini Box 774,poi,"[-7.2351219, -35.8780499]"
6317136894,fast_food,Dida's Lanches,poi,"[-7.2350647, -35.8776797]"
6317220594,doityourself,Carvalho Materiais de Construção,poi,"[-7.2347494, -35.8773485]"
6338250789,convenience,Mercadinho de Neto,poi,"[-7.1966363, -35.9566765]"
6338250790,fast_food,Pastel do Leandro,poi,"[-7.2004514, -35.9528855]"
6338250791,restaurant,O Assadão,poi,"[-7.2022504, -35.9514907]"
6338252689,bakery,Padaria,poi,"[-7.1799491, -36.0054683]"
6338252690,convenience,São José,poi,"[-7.1822684, -35.984683]"
6338268186,fast_food,Nina Lanches,poi,"[-7.1948205, -35.9629517]"
6338273685,doityourself,Armazém Fluminense,poi,"[-7.1668637, -36.0423617]"
6338280501,hairdresser,Airton Cabeleireiros,poi,"[-7.2359696, -35.8940906]"
6338280503,bank,Banco do Brasil,poi,"[-7.2352649, -35.8884846]"
6338281090,bakery,Bolo Mania,poi,"[-7.2361182, -35.8952691]"
6379836462,restaurant,bar da bisteca,poi,"[-7.1879451, -35.8650298]"
6379836464,supermarket,fiteiro do preto,poi,"[-7.1871055, -35.865243]"
6388435069,fast_food,Ki Pastel da Liberdade,poi,"[-7.2237786, -35.8791871]"
6394689722,fast_food,Rock Burguer,poi,"[-7.2252367, -35.8724749]"
6399335374,butcher,Nutricarnes,poi,"[-7.2243347, -35.872888]"
6417055329,bakery,Panificadora Basílio I,poi,"[-7.2266603, -35.8707194]"
6448802364,bakery,Padaria Alvorada,poi,"[-7.2237001, -35.8730811]"
6448813212,pharmacy,Bragapharma,poi,"[-7.2234819, -35.8730771]"
6456072838,fast_food,Oficina do Salgado,poi,"[-7.2265712, -35.8765881]"
6467159820,clothes,Império Multimarcas,poi,"[-7.2236641, -35.8728558]"
6468583094,fast_food,Empório da Tapioca,poi,"[-7.2266297, -35.8725151]"
6468587904,hairdresser,Barbearia Tropeiros,poi,"[-7.2263184, -35.8725956]"
6473104663,clothes,Look Modas,poi,"[-7.22219, -35.873238]"
6473104664,clothes,Esquadrão da Moda,poi,"[-7.2223164, -35.8731951]"
6473125187,pharmacy,Farmácia Dias,poi,"[-7.2221301, -35.8734848]"
6473150035,dentist,Sin-Saúde Integrativa,poi,"[-7.2235078, -35.8731455]"
6473170598,bakery,Panificadora Basílio II,poi,"[-7.222484, -35.8730462]"
6473525978,park,Parque da Liberdade,poi,"[-7.2387126, -35.895005]"
6479040785,guesthouse,São Jorge,poi,"[-7.2403236, -35.872087]"
6479283421,convenience,Supermercado Santos,poi,"[-7.2267934, -35.8705907]"
6484823568,playground,Parquinho do Parque da Liberdade,poi,"[-7.2384766, -35.8955017]"
6535984201,school,Instituto Nacional do Semiárido,poi,"[-7.2523999, -35.9459805]"
6548796085,memorial,Santos Dummont,poi,"[-7.2684439, -35.8940566]"
6574842117,fast_food,Lanchonete do Baiano,poi,"[-7.2298747, -35.8688901]"
6574842118,bar,Bar do Alcides,poi,"[-7.2299505, -35.8690953]"
6574842119,convenience,Mercadinho Junior,poi,"[-7.2298108, -35.8689116]"
6575052144,convenience,Gerson,poi,"[-7.2284844, -35.8681498]"
6579129686,motel,Carpe Diem,poi,"[-7.1803802, -35.8652676]"
6587123259,furniture_shop,Loft54,poi,"[-7.225117, -35.8817996]"
6587775054,cafe,Café Poético,poi,"[-7.2238664, -35.8793534]"
6587831209,convenience,Mercadinho Nota 10,poi,"[-7.1828351, -35.824056]"
6587831210,bakery,Padaria Renascer,poi,"[-7.1842287, -35.8257668]"
6587831212,restaurant,Restaurante dois irmãos,poi,"[-7.1862534, -35.8254677]"
6587831213,convenience,Mercadinho Maranata,poi,"[-7.1871464, -35.8224706]"
6587831271,school,EMEIEF Zezito Ribeiro,poi,"[-7.1874737, -35.822916]"
6588626087,pub,Chopp do Alemão,poi,"[-7.2163051, -35.8846391]"
6588629703,guesthouse,Sedução,poi,"[-7.2151584, -35.8848052]"
6588629704,laundry,Lave Quali,poi,"[-7.2153994, -35.8853322]"
6588690385,fast_food,Rei dos Salgados,poi,"[-7.2162392, -35.8847558]"
6588690386,bank,Santander,poi,"[-7.2160383, -35.8850729]"
6590010622,fast_food,Maria Pitanga,poi,"[-7.2239542, -35.8794862]"
6604231598,fast_food,Nildo Lanches,poi,"[-7.2231491, -35.9216435]"
6672934910,supermarket,Savoy,poi,"[-7.2241704, -35.8964708]"
6697531178,bicycle_shop,Afonso Bike,poi,"[-7.2220335, -35.8678844]"
6751145596,bicycle_shop,Well Bike,poi,"[-7.2349929, -35.8724079]"
2646462549,christian,Imagem de Nossa Senhora da Penha,pofw,"[-7.1320035, -34.8607479]"
2678752112,christian_catholic,Igreja de São Bento,pofw,"[-7.116527, -34.8845745]"
2797097528,christian,Federação Espírita Paraibana,pofw,"[-7.1240173, -34.869534]"
3065204925,christian_catholic,Igreja Nossa Senhora do Rosário,pofw,"[-7.1328424, -34.8795035]"
3633687797,christian,Igreja São Pedro e São Paulo,pofw,"[-7.1110992, -34.8413008]"
4520987255,christian,Igreja Batista,pofw,"[-7.1528787, -34.8382966]"
4549999751,christian,Igreja Jesus Ressuscitado,pofw,"[-7.1502312, -34.8446522]"
5640385761,christian_catholic,Comunidade Em Adoração,pofw,"[-7.0784762, -34.8332054]"
5790676223,christian_catholic,Igreja de São José,pofw,"[-7.1688066, -34.8570248]"
6187887205,christian_evangelical,Igreja Evangélica Manahain,pofw,"[-7.1651813, -34.8494133]"
6384576381,christian_catholic,Igreja Santa Ana e São Joaquim,pofw,"[-7.1121295, -34.8437878]"
6698277844,christian_evangelical,Igreja universal do reino de deus,pofw,"[-7.1352261, -34.8789588]"
630743138,parking,Jardim Botânico Benjamin Maranhão,traffic,"[-7.1354912, -34.8607616]"
973662367,fuel,Master Gás,traffic,"[-7.1194373, -34.8406191]"
2789543097,fuel,Posto Santa Júlia,traffic,"[-7.1198524, -34.86204]"
2793876544,fuel,Posto BR,traffic,"[-7.1593865, -34.838337]"
2793885200,fuel,Posto ello,traffic,"[-7.1479751, -34.8448524]"
2793888991,fuel,Posto Ipiranga,traffic,"[-7.1463897, -34.8485124]"
2797085773,fuel,Posto Expressão - Torre,traffic,"[-7.1237763, -34.8695994]"
2838296461,parking,Estacionamento Pago,traffic,"[-7.1211972, -34.882423]"
2885375678,fuel,Posto BR,traffic,"[-7.1277578, -34.8614796]"
3167015861,fuel,Texaco,traffic,"[-7.1669501, -34.859828]"
3183917908,parking,Carrefour,traffic,"[-7.1473312, -34.8496845]"
3297525208,fuel,Litoral Sul,traffic,"[-7.2193248, -34.8351508]"
768054622,hotel,Mar Azul,poi,"[-7.1082058, -34.8261584]"
845009397,hospital,Sta. Thereza,poi,"[-7.1293045, -34.8584839]"
859506493,bar,Veranda do Mar,poi,"[-7.109066, -34.824643]"
920872803,bakery,Panificadora,poi,"[-7.1181263, -34.8252977]"
921101994,police,Posto da Polícia Rodoviária Federal,poi,"[-7.1410522, -34.9217484]"
1026885492,school,Escola Mar e Sol,poi,"[-7.094684, -34.844914]"
1028957865,pharmacy,Pague Menos,poi,"[-7.097101, -34.834786]"
1028958115,bank,Itaú,poi,"[-7.097125, -34.834249]"
1207879576,memorial,"Busto do Almirante Joaquim Marques Lisboa, Marquês de Tamandaré",poi,"[-7.1193598, -34.8236454]"
1330000526,restaurant,Pontal do Cabo,poi,"[-7.1457713, -34.8066506]"
1351960638,restaurant,Kyoto Restaurante,poi,"[-7.1248717, -34.8247125]"
1751874262,restaurant,Restaurante Terraço Brasil,poi,"[-7.1263842, -34.8236101]"
1957132650,restaurant,Nau Frutos do Mar,poi,"[-7.1107575, -34.8290618]"
3351835440,parking,Carrefour,traffic,"[-7.1467059, -34.8490842]"
3417752468,fuel,Petrobras,traffic,"[-7.1304647, -34.9357375]"
4398396276,parking,Estacionamento BeMais,traffic,"[-7.154547, -34.8381868]"
4525208690,fuel,Posto A Gauchinha,traffic,"[-7.172952, -34.8977944]"
4738303559,fuel,Posto Cruzeiro do Sul,traffic,"[-7.2139427, -34.8404206]"
4738303560,fuel,Posto Opção,traffic,"[-7.1691297, -34.8384518]"
4738304370,fuel,Posto Extra Petróleo,traffic,"[-7.1742951, -34.8441971]"
4738304371,fuel,Posto BSB Mangabeira,traffic,"[-7.1777972, -34.840898]"
4738306420,fuel,Auto Posto Mangabeira,traffic,"[-7.1815442, -34.8432208]"
4738306421,fuel,Posto Cowboy,traffic,"[-7.2061992, -34.8465065]"
5812661112,fuel,Maxi Posto,traffic,"[-7.1634076, -34.9010512]"
5940709085,fuel,Posto Três Lagoas,traffic,"[-7.1677977, -34.8965195]"
6213466885,fuel,Posto 99,traffic,"[-7.1193123, -34.8372478]"
6257072263,fuel,Ale,traffic,"[-7.1196148, -34.8264685]"
6320951386,fuel,Independência,traffic,"[-7.1188021, -34.8696126]"
1672897885,railway_station,Renascer,transport,"[-7.0751731, -34.8552432]"
1672898551,railway_station,Mandacaru,transport,"[-7.0999537, -34.863719]"
2111531421,railway_station,João Pessoa,transport,"[-7.1147125, -34.8904061]"
2402984975,bus_stop,Jardim Aeroporto,transport,"[-7.1423361, -34.9405667]"
2447728167,railway_station,Alto do Mateus,transport,"[-7.1305401, -34.9133173]"
2531341342,bus_station,Terminal de Ônibus de Mangabeira IV,transport,"[-7.1887995, -34.8390882]"
2631201098,taxi,Táxi Mag Shopping,transport,"[-7.0975077, -34.8346527]"
2631884208,taxi,Táxi - Final da Epitácio Pessoa,transport,"[-7.1193317, -34.825286]"
2635340590,bus_station,Terminal de Ônibus de Muçumagro,transport,"[-7.2160927, -34.8316541]"
2635340603,bus_stop,603,transport,"[-7.068638, -34.844448]"
2635340605,bus_stop,603,transport,"[-7.06902, -34.844244]"
2635340612,bus_stop,603,transport,"[-7.071298, -34.84378]"
2635340615,bus_stop,603,transport,"[-7.072545, -34.843367]"
2635340616,bus_stop,603,transport,"[-7.073001, -34.843358]"
2635340620,bus_stop,603,transport,"[-7.074496, -34.842974]"
2635340630,bus_stop,603,transport,"[-7.0765272, -34.8416258]"
2635340631,bus_stop,603,transport,"[-7.0765511, -34.8414259]"
2635341171,bus_station,Terminal Miramar - Linha 402,transport,"[-7.1245901, -34.8367546]"
2635341843,bus_station,"Terminal Cristo Redentor - 204, 208, 3200, 5204",transport,"[-7.1664887, -34.8720017]"
2666903443,bus_stop,PB Rio/Santa Maria,transport,"[-7.1189631, -34.8893911]"
2666903444,bus_stop,Rodoviária Santa Rita,transport,"[-7.1189672, -34.8896211]"
2666903445,bus_stop,Metro Transportes/Das Graças,transport,"[-7.1189672, -34.8898552]"
2666903446,bus_stop,Reunidas Cabedelo,transport,"[-7.1189713, -34.8891775]"
2678085966,taxi,Ponto de Taxi Praça Castro Pinto,transport,"[-7.1257811, -34.8784998]"
3364653899,bus_stop,502 Torre,transport,"[-7.1216034, -34.8432341]"
3654699757,bus_station,Terminal Quadramares - Linha 203,transport,"[-7.1607674, -34.821127]"
3950854317,bus_station,Terminal de Ônibus do Val Paraíso,transport,"[-7.0810837, -34.8460186]"
3962688661,bus_stop,Plataforma 2,transport,"[-7.1183621, -34.8799703]"
3962688662,bus_stop,Plataforma 4,transport,"[-7.1185013, -34.8796975]"
3962688663,bus_stop,Plataforma 3,transport,"[-7.1184459, -34.8800927]"
3962688664,bus_stop,Plataforma 1,transport,"[-7.1184016, -34.8796542]"
3965038357,bus_stop,Plataforma 5,transport,"[-7.1191649, -34.8781408]"
6080516480,railway_station,Várzea Nova,transport,"[-7.1200292, -34.9554885]"
6080516483,railway_station,Bayeux,transport,"[-7.127485, -34.9280363]"
6122457532,bus_station,TERMINAL - HEITEL SANTIAGO,transport,"[-7.1672127, -34.9553807]"
415521473,town,Bayeux,place,"[-7.1301631, -34.936532]"
603066977,city,João Pessoa,place,"[-7.1215981, -34.882028]"
1080314863,village,Bebelândia,place,"[-7.0782454, -34.9593948]"
1379377553,locality,Cabo Branco,place,"[-7.147285, -34.7970112]"
2047083875,suburb,Parque Verde,place,"[-7.0933151, -34.8474973]"
2047083889,suburb,Jardim América,place,"[-7.0731689, -34.8483534]"
2047083895,suburb,Salinas,place,"[-7.0930192, -34.8563121]"
2047083905,suburb,Renascer,place,"[-7.0726355, -34.8537179]"
2047083908,suburb,Parque Esperança,place,"[-7.0819524, -34.8520853]"
2047083922,suburb,Morada Nova,place,"[-7.0925218, -34.8494299]"
2047083928,suburb,Amazônia Park,place,"[-7.0585842, -34.8532694]"
2052086002,suburb,São José,place,"[-7.104119, -34.8441769]"
2052088882,suburb,Cabo Branco,place,"[-7.1353414, -34.8196967]"
2052088883,suburb,Tambaú,place,"[-7.1153426, -34.8257456]"
2052088884,suburb,Manaíra,place,"[-7.1049787, -34.8344596]"
2052088885,suburb,Altiplano Cabo Branco,place,"[-7.1336871, -34.8279943]"
2268329515,suburb,Cuiá,place,"[-7.1833226, -34.8624575]"
2268329516,suburb,Costa e Silva,place,"[-7.1815128, -34.8963544]"
2268329517,suburb,Muçumagro,place,"[-7.2150478, -34.8358799]"
2268329518,suburb,Paratibe,place,"[-7.2057688, -34.8332439]"
2268329519,suburb,Funcionários,place,"[-7.1815386, -34.888108]"
2268329520,suburb,João Paulo II,place,"[-7.1769358, -34.8790314]"
2402983902,suburb,Tibiri,place,"[-7.1494885, -34.969075]"
2268329521,suburb,Valentina Figueiredo,place,"[-7.2017802, -34.8476424]"
2268329522,suburb,Barra de Gramame,place,"[-7.218753, -34.8117659]"
2268329523,suburb,Planalto da Boa Esperança,place,"[-7.1965934, -34.8579325]"
2268329524,suburb,Gramame,place,"[-7.2073772, -34.8813766]"
2268329525,suburb,Ernani Sátyro,place,"[-7.1729771, -34.8920118]"
2268329526,suburb,Bairro das Indústrias,place,"[-7.1795757, -34.9200585]"
2268329527,suburb,Jardim Aeroporto,place,"[-7.1401992, -34.9377246]"
2268329528,suburb,Distrito Industrial,place,"[-7.1922726, -34.9115398]"
2268329530,suburb,Grotão,place,"[-7.1873293, -34.8829797]"
2268329533,suburb,Mussuré,place,"[-7.2085327, -34.9269893]"
2268329536,suburb,Mumbaba,place,"[-7.1752412, -34.9402931]"
2268329538,suburb,Ernesto Geisel,place,"[-7.1779086, -34.8707904]"
2268329780,suburb,Baralho,place,"[-7.1192117, -34.9007972]"
2268329781,suburb,Sesi,place,"[-7.1246414, -34.9173978]"
2268330856,suburb,São Bento,place,"[-7.1220687, -34.9068135]"
2268756747,suburb,Costa do Sol,place,"[-7.1802792, -34.8162078]"
2268756751,suburb,Cidade dos Colibris,place,"[-7.1592753, -34.8472982]"
2268756754,suburb,José Américo,place,"[-7.1727264, -34.8564377]"
2268756757,suburb,Jardim Cidade Universitária,place,"[-7.1551066, -34.8364492]"
2268756760,suburb,Jardim São Paulo,place,"[-7.1498329, -34.8480052]"
2268756763,suburb,Anatólia,place,"[-7.1491878, -34.8440023]"
2268756766,suburb,Bancários,place,"[-7.1460367, -34.8409081]"
2268756769,suburb,Mangabeira,place,"[-7.1695048, -34.8393055]"
2268756772,hamlet,Cidade Verde,place,"[-7.1803664, -34.8298935]"
2268756775,suburb,Penha,place,"[-7.1651556, -34.7967911]"
2268756779,suburb,Portal do Sol,place,"[-7.1488492, -34.8161888]"
2268756782,suburb,Água Fria,place,"[-7.1540984, -34.8538555]"
2276146527,suburb,Cristo Redentor,place,"[-7.1593848, -34.8757328]"
2276148289,suburb,Centro,place,"[-7.1201984, -34.8844923]"
2276150698,suburb,Jaguaribe,place,"[-7.1330071, -34.8766946]"
2276151581,suburb,Cruz das Armas,place,"[-7.1432217, -34.8876209]"
2276152034,suburb,Torre,place,"[-7.1243744, -34.8621088]"
2277353333,suburb,Bessa,place,"[-7.0673665, -34.843179]"
2277363331,suburb,Brisamar,place,"[-7.1148299, -34.8392392]"
2277363334,suburb,Tambauzinho,place,"[-7.1220693, -34.847951]"
2277363335,suburb,Rangel,place,"[-7.1487617, -34.8729619]"
2277363355,suburb,Varadouro,place,"[-7.1167925, -34.8890965]"
2277363356,suburb,Bairro dos Estados,place,"[-7.1150428, -34.8567486]"
2277363357,suburb,Miramar,place,"[-7.1215157, -34.8377371]"
2277363358,suburb,Tambiá,place,"[-7.1169813, -34.8764524]"
2277368532,suburb,Jardim Oceania,place,"[-7.0812307, -34.8346477]"
2277368536,suburb,Aeroclube,place,"[-7.0809021, -34.8425402]"
2345145388,suburb,Mário Andreazza,place,"[-7.1450732, -34.926772]"
2345145389,suburb,Jardim Veneza,place,"[-7.1625518, -34.9094674]"
2345145390,suburb,Brasília,place,"[-7.1281795, -34.9328332]"
2345145391,suburb,Jardim São Severino,place,"[-7.1224839, -34.9310308]"
2345145392,suburb,Rio do Meio,place,"[-7.1362619, -34.9353243]"
2345145393,suburb,Alto da Boa Vista,place,"[-7.1292436, -34.9415011]"
2345145394,suburb,Comercial Norte,place,"[-7.1512071, -34.9207757]"
2345145395,suburb,Imaculada,place,"[-7.1347358, -34.9231135]"
2345145396,suburb,Jardim São Vicente,place,"[-7.1305743, -34.9224697]"
2345145397,suburb,Centro,place,"[-7.1288715, -34.9289285]"
2345145398,suburb,Alto do Mateus,place,"[-7.1375149, -34.9114416]"
2345145399,suburb,Tambay,place,"[-7.1247084, -34.9394529]"
2374053554,suburb,Ilha do Bispo,place,"[-7.1281341, -34.9018133]"
2374053556,suburb,Oitizeiro,place,"[-7.157875, -34.8974765]"
2374206605,suburb,Alto do Céu,place,"[-7.0949715, -34.8621139]"
2374206609,suburb,Roger,place,"[-7.1106124, -34.8776429]"
2374218458,suburb,Bairro dos Ipês,place,"[-7.1006548, -34.8550283]"
2374231539,suburb,Mandacaru,place,"[-7.1049697, -34.8610982]"
2374231540,suburb,Padre Zé,place,"[-7.1051464, -34.8700633]"
2374231541,suburb,Treze de Maio,place,"[-7.1117056, -34.8656698]"
2374292828,suburb,João Agripino,place,"[-7.1089293, -34.841942]"
2374292829,suburb,Pedro Gondim,place,"[-7.1147083, -34.8466675]"
2374297980,suburb,Expedicionários,place,"[-7.1235825, -34.8527981]"
2374334273,suburb,Trincheiras,place,"[-7.1247369, -34.8874646]"
2374411437,suburb,Castelo Branco,place,"[-7.1309966, -34.8471679]"
2534871521,hamlet,Engenho Velho,place,"[-7.2051267, -34.8951971]"
2537420742,hamlet,Cidade dos Funcionários,place,"[-7.1602165, -34.892511]"
2537420744,hamlet,Jardim Planalto,place,"[-7.1600958, -34.9001735]"
2539916543,hamlet,Vale das Palmeiras,place,"[-7.1602784, -34.8837075]"
2545756162,hamlet,Vila dos Pescadores,place,"[-7.1701751, -34.8005288]"
2546272902,hamlet,Colinas do Sul,place,"[-7.1958735, -34.8841154]"
2576270977,hamlet,Colinas do Sul II,place,"[-7.2051443, -34.8713659]"
2576270980,hamlet,Residencial Irmã Dulce,place,"[-7.2007372, -34.8707518]"
2576285056,hamlet,Mangabeira II,place,"[-7.1793295, -34.839294]"
2576285057,hamlet,Mangabeira III,place,"[-7.1792263, -34.8452842]"
2576285058,hamlet,Mangabeira IV,place,"[-7.1882868, -34.8397699]"
2576285059,hamlet,Nova Mangabeira,place,"[-7.1963727, -34.8337313]"
2614976115,hamlet,Campina,place,"[-7.2232728, -34.8767074]"
2614976118,hamlet,Caxitu,place,"[-7.2235492, -34.9113732]"
2614976120,hamlet,Cedro,place,"[-7.2283042, -34.9048525]"
2614976126,hamlet,Guaxinduba,place,"[-7.2427899, -34.8397007]"
2614976136,hamlet,Mituaçu,place,"[-7.2312345, -34.8686261]"
2614976138,hamlet,Oiteiro,place,"[-7.2341649, -34.8552502]"
2614976156,hamlet,Tesoura,place,"[-7.2303499, -34.8831724]"
2617375130,hamlet,Alto do Contorno,place,"[-7.1235078, -34.9451542]"
2617375131,suburb,Bairro do Açude,place,"[-7.1287621, -34.9731476]"
2617375133,hamlet,Bela Vista,place,"[-7.1233797, -34.9521929]"
2617375134,hamlet,Boa Vista,place,"[-7.1298514, -34.951644]"
2617375142,hamlet,CEHAP II,place,"[-7.1507076, -34.9663672]"
2617375146,hamlet,Castro Pinto,place,"[-7.1578517, -34.9515149]"
2617375154,hamlet,Cirne I,place,"[-7.1426984, -34.9700157]"
2617375163,hamlet,Comercial Tibiri,place,"[-7.1430508, -34.9689179]"
2617375175,hamlet,Dois Irmãos,place,"[-7.1160428, -34.9488027]"
2617375179,hamlet,Engenho Santo Amaro I e II,place,"[-7.1185098, -34.9523866]"
2617375183,hamlet,Fernando Santiago,place,"[-7.1345289, -34.9695314]"
2617375185,suburb,Heitel Santiago,place,"[-7.1589521, -34.9536074]"
2617375187,hamlet,Jardim Europa I,place,"[-7.1507076, -34.9574558]"
2617375188,hamlet,Jardim Europa II,place,"[-7.1412247, -34.9715009]"
2617375189,hamlet,Jardim Faixa Alegre,place,"[-7.1212331, -34.9387289]"
2617375190,hamlet,Jardim Miritânia,place,"[-7.1277511, -34.9711359]"
2617375194,hamlet,Loteamento Heitel Santiago I e II,place,"[-7.1639065, -34.9613626]"
2617375197,hamlet,Loteamento Heitel Santiago,place,"[-7.1657966, -34.9558414]"
2617375203,hamlet,Loteamento Tibiri II e III,place,"[-7.1235719, -34.971953]"
2617375208,hamlet,Paraíso Tropical,place,"[-7.1520532, -34.9735996]"
2617375211,hamlet,Planalto Tibiri I,place,"[-7.158108, -34.9640102]"
2617375212,hamlet,Planalto Tibiri II,place,"[-7.1553529, -34.9563257]"
2617375213,hamlet,Planalto de Santa Rita,place,"[-7.1319189, -34.948287]"
2617375214,hamlet,Portal de Santa Rita,place,"[-7.1610874, -34.9540656]"
2617375215,hamlet,Portal do Paraíso,place,"[-7.1468632, -34.9640425]"
2617375217,hamlet,Privê Aeroporto,place,"[-7.1592613, -34.9462197]"
2617375219,hamlet,Sol Nascente,place,"[-7.1588128, -34.9720498]"
2617375221,hamlet,São Judas Tadeu,place,"[-7.130332, -34.9583276]"
2617375223,hamlet,Vale de Santa Rita I e II,place,"[-7.1662131, -34.9720498]"
2617375224,suburb,Várzea Nova,place,"[-7.1225787, -34.9544208]"
2617375225,hamlet,Áurea Ribeiro,place,"[-7.1402956, -34.9656569]"
2771230877,hamlet,Bairro dos Novais,place,"[-7.1521741, -34.9028981]"
2791614741,hamlet,Jacarapé,place,"[-7.1941737, -34.8165955]"
2956762417,hamlet,Alto Roger,place,"[-7.1126148, -34.8810826]"
2956762418,hamlet,Baixo Roger,place,"[-7.1090655, -34.8804063]"
3004602799,suburb,Ponta do Seixas,place,"[-7.1562544, -34.7952865]"
3217713796,suburb,Distrito Mecânico,place,"[-7.1270787, -34.8895121]"
3357855293,suburb,Mata do Buraquinho,place,"[-7.1420818, -34.8624837]"
3616191114,hamlet,Cidade Verde 1ª Etapa,place,"[-7.1755232, -34.9273826]"
3616191115,hamlet,Cidade Verde 2ª Etapa,place,"[-7.1792111, -34.9330157]"
3623533357,hamlet,Distrito Industrial de Mangabeira,place,"[-7.1642161, -34.8210907]"
4708771389,locality,CCEN - Centro de Ciências Exatas e da Natureza,place,"[-7.1392852, -34.8448134]"
1957132654,police,Polícia Civil,poi,"[-7.1004039, -34.8438408]"
1993173430,school,Escola Estadual de Ensino Fundamental João Roberto Borges de Souza,poi,"[-7.1782615, -34.8395843]"
1993173435,hotel,Pousada Bandeirantes,poi,"[-7.1828373, -34.8430698]"
1999695093,attraction,Ponta do Seixas,poi,"[-7.1550796, -34.7933086]"
2014592884,bakery,Padaria Pão da Praia,poi,"[-7.1196064, -34.8276505]"
2014592886,convenience,Verde Fruit,poi,"[-7.1183792, -34.8253349]"
2014595894,restaurant,Parmegiana,poi,"[-7.1113309, -34.8259989]"
2014596909,convenience,Loja de Conveniencia,poi,"[-7.1110753, -34.8252479]"
2022090810,hotel,Hotel Caiçara Best Western,poi,"[-7.1126692, -34.8249531]"
2022114793,fast_food,Laça Burger,poi,"[-7.1102027, -34.8274901]"
2022251371,fast_food,Cantina de Seu Biu,poi,"[-7.160643, -34.8544549]"
2022369594,bakery,Panificadora Flor do trigo,poi,"[-7.1101443, -34.8246168]"
2051838618,bar,Cia do Chopp,poi,"[-7.1123398, -34.8237499]"
2051840529,bank,Bradesco,poi,"[-7.1109428, -34.8263117]"
2051846080,nightclub,Zodiaco,poi,"[-7.1113125, -34.825032]"
2051846671,bar,Emporio Café,poi,"[-7.1119599, -34.8235649]"
2052041597,restaurant,Adega do Alfredo,poi,"[-7.1049842, -34.8302681]"
2052042204,restaurant,Apetitto Tratoria,poi,"[-7.1118055, -34.8242489]"
2052042388,restaurant,Mediterraneo,poi,"[-7.1124021, -34.824331]"
2052042464,restaurant,Peixada do Duda,poi,"[-7.1121253, -34.8240038]"
2052191813,restaurant,Fri Berg Sorveteria,poi,"[-7.1094003, -34.8246286]"
2052197138,restaurant,Osaka Restaurante Asiático,poi,"[-7.1111766, -34.8244554]"
2106594984,restaurant,Gulliver Praia,poi,"[-7.1459119, -34.8043413]"
2537415384,library,IHGP - Instituto Histórico e Geográfico Paraibano,poi,"[-7.1178891, -34.882559]"
2543981421,viewpoint,Hotel Globo,poi,"[-7.1125346, -34.8888693]"
2630657422,restaurant,Vila Cariri,poi,"[-7.1013517, -34.8386475]"
2630667490,bar,Golfinho Bar e Restaurante,poi,"[-7.0806619, -34.831397]"
2631202026,supermarket,Supermercado Pão de Açúcar - Retão de Manaíra,poi,"[-7.0973131, -34.8385861]"
2631225417,bakery,Panificadora Alvorada,poi,"[-7.0765019, -34.8374382]"
2633812567,bar,Bessa Grill,poi,"[-7.0654719, -34.8398142]"
2658100358,bank,Santander,poi,"[-7.1110391, -34.8256711]"
2658100593,bank,Caixa Econômica Federal,poi,"[-7.1111118, -34.8258144]"
2658667750,restaurant,Restaurante Domani,poi,"[-7.1473319, -34.8472426]"
2671290609,hotel,Hotel ibis João Pessoa,poi,"[-7.1438858, -34.8131067]"
2677362197,bank,Banco do Brasil,poi,"[-7.168741, -34.8639345]"
2678074115,courthouse,Fórum Criminal Ministro Osvaldo Trigueiro de Albuquerque Melo,poi,"[-7.1257456, -34.882962]"
2678170998,bakery,Padaria Senhor dos Passos,poi,"[-7.1342789, -34.8746721]"
2678741385,bank,Santander,poi,"[-7.1158507, -34.8888185]"
2678749782,university,Faculdade de Ciências Médicas da Paraíba,poi,"[-7.1154791, -34.8850398]"
2678753524,school,Instituto João XXIII,poi,"[-7.114419, -34.8787026]"
2681582442,bar,Bá do Zé,poi,"[-7.1012466, -34.838402]"
2681583080,post_office,Correios - Manaíra,poi,"[-7.0976924, -34.8405739]"
2693191783,comms_tower,TIM,poi,"[-7.1670912, -34.8627399]"
2693195861,comms_tower,TIM,poi,"[-7.1326837, -34.8409411]"
2695733548,mall,Manaíra Shopping,poi,"[-7.098275, -34.8442886]"
2731878958,bar,Bar do Borba,poi,"[-7.1473991, -34.844357]"
2789542912,supermarket,Bom Preço - Epitácio,poi,"[-7.1198593, -34.857359]"
2793874689,restaurant,Novo Oriente,poi,"[-7.1454462, -34.8401689]"
2793896922,car_dealership,Seminovos Localiza,poi,"[-7.1055378, -34.8448238]"
2809833347,car_rental,Aeroporto João Pessoa,poi,"[-7.1434819, -34.9476199]"
2816162024,police,Policia Estadual,poi,"[-7.2224064, -34.8379634]"
2838290900,bank,Santander,poi,"[-7.1216329, -34.8831192]"
2838296427,bank,Banco do Brasil,poi,"[-7.1212824, -34.8832652]"
2838299416,hotel,Hotel Guarany,poi,"[-7.1231058, -34.8828901]"
2846396838,hospital,Complexo Hospitalar Mangabeira - Trauminha,poi,"[-7.1750813, -34.8374958]"
2847348199,bookshop,Livraria Paulos,poi,"[-7.1161241, -34.8824233]"
2847352846,car_dealership,Shopping dos Automoveis,poi,"[-7.0936269, -34.8479055]"
2884646402,police,Delegacia do Turista,poi,"[-7.1101088, -34.8233743]"
2885794674,supermarket,HIper Bompreço Lagoa,poi,"[-7.1184632, -34.8783283]"
2885813044,bank,Banco Itaú - Epitácio Pessoa,poi,"[-7.1195591, -34.8549413]"
2885820548,bank,HSBC - Epitácio Pessoa,poi,"[-7.1195502, -34.8546476]"
2885821955,bank,Caixa Econômica Federal - Epitácio Pessoa,poi,"[-7.1195169, -34.856727]"
2902104297,library,Arquivo Eclesiástico,poi,"[-7.1142134, -34.8824022]"
2902104298,museum,Centro Cultural São Francisco,poi,"[-7.1145883, -34.8825453]"
2928661443,hotel,Igatu Praia Hotel,poi,"[-7.127546, -34.8234718]"
2929096280,hotel,Ambassador Flat,poi,"[-7.1266221, -34.823708]"
2929096281,hotel,Littoral Hotel,poi,"[-7.1291297, -34.8229527]"
2929096282,hotel,Nord Luxxor Cabo Branco,poi,"[-7.1270607, -34.8236733]"
2929096283,hotel,Nord Ondas do Atlantico,poi,"[-7.128035, -34.8233411]"
2929149343,restaurant,Olho de Lula,poi,"[-7.1301144, -34.8225877]"
2936706413,restaurant,Mamma mia,poi,"[-7.111362, -34.824042]"
2953642785,hotel,Trevo Motel,poi,"[-7.1625377, -34.8612978]"
2979269525,sports_shop,BeloMania,poi,"[-7.1139083, -34.8226438]"
2997096965,bar,Rei da Fava,poi,"[-7.1649421, -34.8737915]"
3014288872,bank,Banco do Brasil,poi,"[-7.1281189, -34.8689261]"
3036281279,restaurant,Nonna Anaia,poi,"[-7.1095163, -34.8244975]"
3168629423,supermarket,Mercadinho Bonopreço,poi,"[-7.1990702, -34.8615128]"
3195908758,fast_food,Beijo de Goma Tapiocaria,poi,"[-7.1450335, -34.8352099]"
3273474543,clothes,Santa Lolla,poi,"[-7.113074, -34.8283897]"
3273481863,clothes,Glamour Noivas - Aluguel de Roupa,poi,"[-7.1132831, -34.8282691]"
3273492678,pharmacy,Farmaflora,poi,"[-7.1143545, -34.8247193]"
3287977543,fast_food,Subway,poi,"[-7.0899542, -34.8384101]"
3297525207,community_centre,Chácara NBS,poi,"[-7.2138025, -34.8314966]"
3299325869,bar,Bar do Lula,poi,"[-7.1014024, -34.8387103]"
3299327903,fast_food,Empadinha do Barnabé,poi,"[-7.101374, -34.8381458]"
3299329406,fast_food,Manaçaí,poi,"[-7.102952, -34.8379193]"
3301687961,hospital,CLIM,poi,"[-7.1199009, -34.869393]"
3304432519,restaurant,Peixada do Amor,poi,"[-7.1590949, -34.7964902]"
3358374082,library,Biblioteca Juarez da Gama Batista,poi,"[-7.1220025, -34.8438507]"
3358404045,theatre,Teatro Paulo Pontes,poi,"[-7.1224263, -34.8424293]"
3358404046,theatre,Teatro de Arena Leonardo Nobrega,poi,"[-7.122229, -34.8440608]"
3358404047,cinema,Cine Bangüê,poi,"[-7.1217683, -34.8439392]"
3358435966,museum,Museu José Lins do Rego,poi,"[-7.1219785, -34.8424774]"
4547454076,bank,Santander,poi,"[-7.1367962, -34.844719]"
3358446193,theatre,Sala de Concertos Maestro José Siqueira,poi,"[-7.122101, -34.8424264]"
3358452135,bank,Santander,poi,"[-7.1217629, -34.8421368]"
3358460339,bank,Banco do Brasil,poi,"[-7.1217656, -34.842464]"
3358496776,theatre,Praça do Povo,poi,"[-7.1222447, -34.8425471]"
3358496777,post_office,Correios,poi,"[-7.1217683, -34.8433196]"
3358787123,hospital,Hemocentro da Paraíba,poi,"[-7.1275197, -34.8706583]"
3358917435,restaurant,Pinto no Balde Restaurante,poi,"[-7.1218776, -34.8410145]"
3364648826,convenience,Mercearia,poi,"[-7.1215598, -34.8430686]"
3364648827,restaurant,Espaço do Sabor Restaurante,poi,"[-7.1215588, -34.8431951]"
3364648828,restaurant,Restaurante Nordestino,poi,"[-7.1215608, -34.8431319]"
3364648829,stationery,Coisas & Trekos Papelaria e Presentes,poi,"[-7.1215588, -34.8432683]"
3368082064,community_centre,DETRAN,poi,"[-7.1070565, -34.8446113]"
3373832096,doctors,Druvalina R. Lima de Paula - Psicóloga,poi,"[-7.1208395, -34.8419334]"
3373832097,doctors,Kallina L. Chacon R. Brasil - Psicológa e Psicoterapeuta,poi,"[-7.1208829, -34.8419317]"
3385414487,bakery,Panificadora Pan América,poi,"[-7.1027287, -34.8374297]"
3417767966,bakery,Panificadora Pernambucana,poi,"[-7.1347426, -34.9383619]"
3475307880,hairdresser,Claudio´s Cabeleireiro,poi,"[-7.1140087, -34.8290606]"
3477771846,supermarket,Supermercado Tambaú,poi,"[-7.1185329, -34.8283829]"
3663470323,police,14ª Superintendência Regional de Polícia Rodoviária Federal,poi,"[-7.1640178, -34.8624453]"
3773686523,police,4ª Delegacia de Policia,poi,"[-7.177676, -34.8705885]"
3773687572,school,Escola Municipal Fenelon Câmara,poi,"[-7.1778457, -34.8676271]"
3773703428,supermarket,Superbox Brasil - Geisel,poi,"[-7.177001, -34.8689625]"
3796963122,clothes,Closet da Carol,poi,"[-7.1674035, -34.8561128]"
3814919886,university,UEPB - Campus V,poi,"[-7.1583282, -34.8727671]"
3824855716,nightclub,Pink Elephant,poi,"[-7.1286052, -34.8269667]"
3824855717,mall,Pátio Altiplano,poi,"[-7.1310258, -34.8254727]"
3849747257,restaurant,Foot praia,poi,"[-7.1035659, -34.830366]"
3927229533,bank,Banco do Brasil,poi,"[-7.126836, -34.8795364]"
3957339780,pharmacy,Pbpharma Farmácia e Manipulção,poi,"[-7.1182072, -34.8825583]"
3957350882,pharmacy,Drogasil - Epitácio Pessoa,poi,"[-7.1193496, -34.8362495]"
4084724789,bar,Bar do Contorno,poi,"[-7.1366528, -34.85107]"
4243260590,hospital,USF da Penha,poi,"[-7.1653007, -34.7988444]"
4270822392,fire_station,Corpo de Bombeiros,poi,"[-7.1640228, -34.8325167]"
4317663619,park,ONG Guajiru - Tartarugas Urbanas,poi,"[-7.0597613, -34.842462]"
4317672791,hospital,Unimed,poi,"[-7.1301354, -34.8563156]"
4346683191,guesthouse,Casa Firmino,poi,"[-7.0707879, -34.8438443]"
4348629989,pub,Borrachudo,poi,"[-7.0667858, -34.8418304]"
4355754400,community_centre,csu,poi,"[-7.181036, -34.8700584]"
4356713903,fast_food,Habib's,poi,"[-7.1490463, -34.841795]"
4364211489,shelter,E BT JPA Lm claro,poi,"[-7.1024944, -34.8644404]"
4365995813,fast_food,Britus Burguer,poi,"[-7.1805869, -34.869188]"
4365997645,bakery,Panificadora Santa Barbara,poi,"[-7.1804631, -34.8691728]"
4370470189,convenience,ll conveniência,poi,"[-7.1870564, -34.8464557]"
4393707489,restaurant,Appetito Trattoria,poi,"[-7.1118319, -34.8242973]"
4398397369,fast_food,Subway,poi,"[-7.1506811, -34.8387088]"
4398397370,hospital,Unimed,poi,"[-7.151541, -34.8390398]"
4398402597,bar,Privilege Music Bar,poi,"[-7.152206, -34.838496]"
4398402598,fast_food,Açaí Do Chef,poi,"[-7.1501546, -34.8410715]"
4398402599,school,Yazigi,poi,"[-7.1523871, -34.8385962]"
4398402601,supermarket,BeMais Supermercados,poi,"[-7.154894, -34.8379496]"
4398402602,restaurant,Pizzaria do Paulista,poi,"[-7.151965, -34.8387642]"
4398402603,supermarket,Todo Dia,poi,"[-7.1538137, -34.8382124]"
4398402605,school,Colégio Século,poi,"[-7.1524403, -34.8383727]"
4406292969,bakery,Panificadora & Lanchonete Cardozo 2,poi,"[-7.1667871, -34.830307]"
4406293304,supermarket,Mercadinho São Jorge,poi,"[-7.1667196, -34.8304261]"
4434443590,restaurant,Maison Filipeia,poi,"[-7.151271, -34.8160575]"
4436275889,furniture_shop,BENTEC,poi,"[-7.1197005, -34.8422038]"
4436923351,school,Escola Municipal de ensino Fundamental Hugo Moura,poi,"[-7.1061072, -34.869055]"
4449486284,restaurant,Pizzaria Veneza,poi,"[-7.150565, -34.8400656]"
4449503702,sports_centre,Acadêmia da Saúde,poi,"[-7.1478285, -34.8435471]"
4473804926,restaurant,Kital Temaki,poi,"[-7.1518892, -34.838849]"
4473888797,fast_food,Bob's Burguers,poi,"[-7.1525294, -34.8389359]"
4474447389,restaurant,Oi Pizzaria,poi,"[-7.1687882, -34.8537395]"
4474447489,supermarket,Bemais,poi,"[-7.163196, -34.8481048]"
4508638691,chalet,Empreendimento em Construção,poi,"[-7.1505268, -34.817601]"
4508713089,attraction,Igreja N.Sra.das Neves,poi,"[-7.1945598, -34.8483565]"
4509652132,fast_food,Suprema Lanches,poi,"[-7.151341, -34.8507167]"
4509948923,pharmacy,Drogasil,poi,"[-7.1535851, -34.8383337]"
4509957724,fast_food,Cachorro Quente do Monaci,poi,"[-7.1511894, -34.839416]"
4514531893,bank,Itaú,poi,"[-7.1198654, -34.8817341]"
4519240574,restaurant,Casa do Cupim e Casa da China,poi,"[-7.1647607, -34.8386475]"
4520982751,newsagent,Banca Maia,poi,"[-7.152586, -34.8385527]"
4521932329,car_dealership,Mascarenhas Pneus,poi,"[-7.1508408, -34.8396871]"
4521944680,supermarket,BEMAIS Supermercados,poi,"[-7.148483, -34.843879]"
4521948843,supermarket,Carrefour,poi,"[-7.1469128, -34.8493561]"
4547438247,bar,Barraco Democrático,poi,"[-7.1475708, -34.8424735]"
4547445573,bank,Caixa Econômica Federal,poi,"[-7.149369, -34.8413231]"
4550004971,bar,Boteco da Cerveja,poi,"[-7.1494223, -34.8409324]"
4551385282,bar,Bar do Guerreiro,poi,"[-7.1482591, -34.8452497]"
4551385283,school,Escola Municipal Lions Tambaú,poi,"[-7.1512664, -34.8398344]"
4551385284,restaurant,Pizzaria D'Nápoles,poi,"[-7.1583702, -34.8383082]"
4551388809,department_store,Armazém Paraíba,poi,"[-7.1563715, -34.8387347]"
4554392694,optician,Fabio otica,poi,"[-7.0997794, -34.84343]"
4555555293,bank,Banco do Brasil,poi,"[-7.1588275, -34.8382686]"
4558685161,restaurant,Boteco da Fava,poi,"[-7.1205332, -34.8876991]"
4562944089,gift_shop,Liv Bags,poi,"[-7.1086688, -34.8274171]"
4565074107,beauty_shop,Bellaliz,poi,"[-7.1193101, -34.8623903]"
4565808590,bank,CEF,poi,"[-7.0852188, -34.8449732]"
4568389698,hotel,HOTEL VILLAGE PREMIUM,poi,"[-7.1193421, -34.827831]"
4572993594,hotel,ECCO HOTEL,poi,"[-7.0859427, -34.8333979]"
4573118389,hotel,Hotel Village Confort,poi,"[-7.1036418, -34.8328372]"
4587976961,restaurant,Macaxeira Sul,poi,"[-7.1490419, -34.8437889]"
4593410584,bank,Banco do Brasil,poi,"[-7.1644913, -34.8387109]"
4593690249,furniture_shop,Miranda Móveis,poi,"[-7.16312, -34.8385551]"
4593700191,furniture_shop,Samsara Móveis,poi,"[-7.1625748, -34.8385705]"
4593702866,optician,Óticas Mangabeira,poi,"[-7.1627138, -34.8385537]"
4593765880,doctors,Laboratório Maurílio de Almeida,poi,"[-7.1626864, -34.8383039]"
4593768858,doityourself,Central das Fechaduras,poi,"[-7.1632319, -34.8382858]"
4593768859,furniture_shop,Credimóveis Novo Lar,poi,"[-7.1631321, -34.8382805]"
4593771405,clothes,Blusas & Cia,poi,"[-7.1641864, -34.8386152]"
4593773889,pharmacy,Redepharma,poi,"[-7.1637433, -34.8385992]"
4593827293,shoe_shop,Casa Pio,poi,"[-7.168444, -34.8387274]"
4593827294,furniture_shop,Kasa Decor,poi,"[-7.1683449, -34.8384672]"
4593827296,shoe_shop,Olindina,poi,"[-7.1681027, -34.8384565]"
4593831509,supermarket,BeMais Supermercados,poi,"[-7.1708711, -34.8392786]"
4593831510,pharmacy,Pague Menos,poi,"[-7.1702816, -34.8390091]"
4593831511,bakery,Panificadora Ideal,poi,"[-7.1701978, -34.8389728]"
4593839868,restaurant,Restaurante Popular,poi,"[-7.1700341, -34.8417074]"
4593839869,doctors,Unidade de Saúde da Família,poi,"[-7.1703109, -34.8417409]"
4593842058,school,E.E.E.F.M. Pedro Lins,poi,"[-7.1695947, -34.8417231]"
4640080366,fast_food,Cantinho do Pastel,poi,"[-7.1469895, -34.8441956]"
4640555529,fast_food,Kantinho do Betão,poi,"[-7.1344651, -34.8734301]"
4716858168,restaurant,Sakē Temakeria,poi,"[-7.1494302, -34.8431225]"
4721452955,fast_food,Samburg Lanches,poi,"[-7.1402998, -34.8492325]"
4721452956,fast_food,Ecolanches,poi,"[-7.1404508, -34.8491921]"
4721452957,fast_food,Lanchonete do Cláudio (Vascão),poi,"[-7.1406292, -34.8491269]"
4723391881,restaurant,Arte da Pizza,poi,"[-7.1500457, -34.8411556]"
4725157491,hospital,Hospital São Luís,poi,"[-7.1343462, -34.8817573]"
4727950985,bank,Banco do Brasil,poi,"[-7.1372976, -34.8472145]"
4727950986,post_office,Agência de Correios,poi,"[-7.1373409, -34.8473103]"
4753511221,hairdresser,Studio Carol Leal,poi,"[-7.1673807, -34.8561413]"
4760971859,observation_tower,Torre de Controle,poi,"[-7.1464104, -34.949208]"
4773711691,pharmacy,Drogaria Globo,poi,"[-7.1768741, -34.8739876]"
4790807678,pharmacy,Farmácia Maia,poi,"[-7.1526621, -34.8384889]"
4790808362,pharmacy,Extrafarma,poi,"[-7.1510111, -34.8399749]"
4812641118,pharmacy,Drogaria Geisel,poi,"[-7.1793232, -34.8738053]"
4812641119,bakery,Padaria Nossa Senhora dos Prazeres,poi,"[-7.1796479, -34.873802]"
4812641120,pharmacy,Farmária Francy,poi,"[-7.1795623, -34.873605]"
4812641321,pharmacy,Farmária Permanente,poi,"[-7.178433, -34.873859]"
4812641322,pharmacy,Farmácia Pague Menos,poi,"[-7.177951, -34.873738]"
4812641323,restaurant,Veneza Pizzaria,poi,"[-7.1777343, -34.8737403]"
4812641324,school,JPI Idiomas,poi,"[-7.1780751, -34.8737269]"
4869047321,travel_agent,Paraina,poi,"[-7.1141415, -34.8779611]"
4879089922,restaurant,Lanchonete,poi,"[-7.1593347, -34.8553101]"
4879111323,school,Auditório,poi,"[-7.1585464, -34.8525046]"
4886483763,library,Livraria do IBGE,poi,"[-7.1207893, -34.8856499]"
4889865525,supermarket,Supermercado Latorre,poi,"[-7.1246925, -34.8636309]"
4902171524,restaurant,Opção,poi,"[-7.1200506, -34.886398]"
4927111127,restaurant,Capitão Farinha,poi,"[-7.1310031, -34.8773189]"
4978394191,cinema,Cine Sex Aquarius,poi,"[-7.121776, -34.8875262]"
4978394192,cinema,Cine França,poi,"[-7.1161535, -34.887388]"
4978394193,cinema,Cine Sex América,poi,"[-7.1180712, -34.8866504]"
4978394194,cinema,Cinesercla,poi,"[-7.1154482, -34.8796387]"
4978394197,cinema,Cinépolis - Manaíra Shopping,poi,"[-7.0984054, -34.8449233]"
4978394198,cinema,Cinépolis,poi,"[-7.1617057, -34.8298667]"
4978394199,cinema,Cinespaço João Pessoa,poi,"[-7.0974485, -34.8336553]"
4985994329,restaurant,Boi Bumbar,poi,"[-7.1118287, -34.826519]"
5002163440,bakery,Fino Nordeste,poi,"[-7.145797, -34.9484774]"
5002188233,gift_shop,O Boticário,poi,"[-7.1455633, -34.948595]"
5002188234,fast_food,Bob's,poi,"[-7.145676, -34.9486505]"
5002188235,fast_food,Cacau Show,poi,"[-7.1457317, -34.948688]"
5002188236,clothes,Maralto Show,poi,"[-7.145789, -34.9487323]"
5002199221,fast_food,Tapiocaria,poi,"[-7.1458887, -34.9485203]"
5002199421,fast_food,Subway,poi,"[-7.1459313, -34.9486256]"
5002199423,clothes,Bodega Nordestina,poi,"[-7.1460204, -34.9487242]"
5002199521,restaurant,Gonzaga's,poi,"[-7.1457351, -34.9485529]"
5002199522,bookshop,Livraria Cordel,poi,"[-7.1458512, -34.9484497]"
5002217721,gift_shop,João de Barro,poi,"[-7.1458406, -34.9487874]"
5002219822,clothes,Semente Natural,poi,"[-7.1458929, -34.9488419]"
5017835621,pub,Espaço mundo,poi,"[-7.1131427, -34.8886016]"
5067886255,bar,Parangolé Bar,poi,"[-7.1535413, -34.8412476]"
5067898209,bar,Villa Universitaria,poi,"[-7.1560593, -34.8528897]"
5067912383,school,Colegio Top,poi,"[-7.1535625, -34.8391214]"
5113055925,post_box,TESTE,poi,"[-7.1173876, -34.8569413]"
5137094754,bar,BARBOSA DRINK'S,poi,"[-7.1226103, -34.8570535]"
5150894276,pub,Arena Grill,poi,"[-7.1366542, -34.850807]"
5159218824,restaurant,Café 17,poi,"[-7.1162455, -34.8842743]"
5169296857,monument,Cruzeiro,poi,"[-7.1150896, -34.8833219]"
5169296857,attraction,Cruzeiro,poi,"[-7.1150896, -34.8833219]"
5169296859,monument,Estátua de Augusto dos Anjos,poi,"[-7.1155568, -34.8833183]"
5169296859,attraction,Estátua de Augusto dos Anjos,poi,"[-7.1155568, -34.8833183]"
5169296860,museum,Academia Paraibana de Letras,poi,"[-7.116028, -34.8833205]"
5228109221,fast_food,Persia,poi,"[-7.1093765, -34.8250223]"
5239719387,bank,Bradesco,poi,"[-7.1542953, -34.8387866]"
5239719388,toy_shop,San Remo Baby,poi,"[-7.1542126, -34.838784]"
5239729638,restaurant,Casa do Cupim e Casa da China,poi,"[-7.1474052, -34.8465566]"
5285170914,monument,Ode a Netuno,poi,"[-7.0888918, -34.8404242]"
5285170915,monument,Grande O,poi,"[-7.0889338, -34.8403707]"
5300015221,supermarket,Atlântico Sul,poi,"[-7.2035429, -34.8326315]"
5310127322,bank,Itaú,poi,"[-7.1201869, -34.8841652]"
5310134023,fast_food,Subway Carrefour,poi,"[-7.0856295, -34.8467492]"
5312324504,attraction,Mausoléu do Presidente João Pessoa,poi,"[-7.1214381, -34.8845476]"
5373722626,clothes,Cia do Corpo,poi,"[-7.1624509, -34.8301468]"
5373722627,jeweller,Vivara,poi,"[-7.1620544, -34.8306271]"
5373722628,shoe_shop,Cia dos Pés,poi,"[-7.1616381, -34.8303763]"
5373722630,cafe,São Braz,poi,"[-7.1616889, -34.8308865]"
5373722631,department_store,Le Biscuit,poi,"[-7.1615477, -34.8311003]"
5373722632,optician,Diniz,poi,"[-7.162105, -34.8302069]"
5373722633,bookshop,Leitura,poi,"[-7.1621358, -34.8308022]"
5373722634,clothes,Realce Surf Mar,poi,"[-7.1621056, -34.8301629]"
5373722635,department_store,Marisa,poi,"[-7.1624584, -34.8308862]"
5373722636,supermarket,Americanas,poi,"[-7.1624842, -34.8303711]"
5373722637,fast_food,Empadinhas Barnabé,poi,"[-7.1624432, -34.830068]"
5373722638,fast_food,Bob's,poi,"[-7.1624358, -34.8308772]"
5373722639,restaurant,Chinatown,poi,"[-7.1617793, -34.8311496]"
5373722640,fast_food,Burger King,poi,"[-7.1620374, -34.831151]"
5373726222,mobile_phone_shop,I Place,poi,"[-7.1623639, -34.8307031]"
5373726224,mobile_phone_shop,Mobile2You,poi,"[-7.1622092, -34.8301074]"
5373726225,optician,Rolim,poi,"[-7.1621047, -34.8300834]"
5373726226,clothes,San Remo,poi,"[-7.1619175, -34.8300532]"
5373726227,jeweller,Sulabelle Jóias,poi,"[-7.1617491, -34.8303972]"
5373726228,fast_food,Habbib's,poi,"[-7.1626097, -34.8303307]"
5373726229,restaurant,Sushi Bessa,poi,"[-7.1625408, -34.8308669]"
5373726230,toy_shop,Game Station,poi,"[-7.1615487, -34.8306658]"
5373726231,fast_food,Doggis,poi,"[-7.1616632, -34.8306847]"
5373726232,fast_food,Giraffa's,poi,"[-7.1616386, -34.8308906]"
5373726233,restaurant,Divino Fogão,poi,"[-7.1616509, -34.8307877]"
5373726234,fast_food,McDonald's,poi,"[-7.161641, -34.8310986]"
5373726235,bank,Caixa Aqui,poi,"[-7.1620805, -34.830475]"
5373727421,artwork,Galeria Rossiter Decor,poi,"[-7.1620004, -34.8302966]"
5373727422,clothes,Perfil Moda Praia,poi,"[-7.1618576, -34.830581]"
5373727423,fast_food,Subway,poi,"[-7.1625214, -34.8300775]"
5373727522,shoe_shop,Club Melissa,poi,"[-7.1617327, -34.8305566]"
5373727523,fast_food,Quanto Prima,poi,"[-7.1626162, -34.8302724]"
5373727524,fast_food,Manaçaí,poi,"[-7.1626023, -34.8303939]"
5373731321,restaurant,Atlântico,poi,"[-7.1616263, -34.8309936]"
5373731421,restaurant,Jampa Grill,poi,"[-7.115496, -34.8799744]"
5373731422,fast_food,Burger King,poi,"[-7.1154707, -34.8798905]"
5373731423,supermarket,Casa Tudo,poi,"[-7.1155966, -34.8797636]"
5373731621,fast_food,Empadinhas Barnabé,poi,"[-7.1156276, -34.879873]"
5373869675,cafe,Varanda Café,poi,"[-7.1625693, -34.8303927]"
5393721536,biergarten,PlayToy,poi,"[-7.115848, -34.8802658]"
5393721537,fast_food,Bob's,poi,"[-7.1156449, -34.880274]"
5393721538,restaurant,Mimo Doce,poi,"[-7.1155312, -34.8802465]"
5393721539,fast_food,Mimo Doce,poi,"[-7.115473, -34.8802022]"
5393721540,restaurant,L'Amazônia,poi,"[-7.1154275, -34.8800581]"
5393727139,biergarten,Game Laser,poi,"[-7.115773, -34.879819]"
5393727140,fast_food,Manaçaí,poi,"[-7.1158401, -34.8798541]"
5393727141,fast_food,Tambiá Burguer,poi,"[-7.1159137, -34.8800071]"
5393727142,fast_food,Tambiá Pastel,poi,"[-7.1159188, -34.8800779]"
5393727143,restaurant,Iang Chao,poi,"[-7.1159113, -34.8801413]"
5393727144,restaurant,Buonguostaio,poi,"[-7.1157846, -34.8802741]"
5393727145,fast_food,Subway,poi,"[-7.1157174, -34.8802861]"
5393727146,restaurant,Happy,poi,"[-7.1154483, -34.8800102]"
5393727147,car_wash,Lava Rápido HD Ecológico,poi,"[-7.1452232, -34.9488759]"
5393728822,cafe,Tambiá Café,poi,"[-7.1154521, -34.8801624]"
5393728823,restaurant,Salsa,poi,"[-7.1154402, -34.8801024]"
5393754721,fast_food,Crepe de la France,poi,"[-7.1157006, -34.8798459]"
5393754723,restaurant,Bonaparte,poi,"[-7.1155892, -34.8802689]"
5412605579,park,Encanto verde,poi,"[-7.1793284, -34.8300347]"
5412613157,park,Encanto Verde,poi,"[-7.1797174, -34.8302898]"
5412622962,park,Encanto Verde,poi,"[-7.1794073, -34.8298164]"
5412623442,park,Encanto Verde,poi,"[-7.1798784, -34.8295911]"
5412623590,park,Encanto Verde,poi,"[-7.1791692, -34.8302992]"
5412624777,park,Encanto Verde,poi,"[-7.1796176, -34.8305004]"
5450872621,supermarket,Todo Dia Geisel,poi,"[-7.1773085, -34.8741606]"
5455312121,restaurant,China Feichang Hao,poi,"[-7.1733413, -34.8742507]"
5506841721,restaurant,Marbeli,poi,"[-7.1229255, -34.8261492]"
5530998131,supermarket,Mercadinho Madalena,poi,"[-7.183608, -34.864249]"
5550131649,school,Escola Estadual Milton Campos,poi,"[-7.1831355, -34.8657344]"
5612767222,fast_food,083 Burger - Hamburgueria Artesanal,poi,"[-7.1290807, -34.8789061]"
5638256928,fast_food,Subway,poi,"[-7.1490369, -34.8428584]"
5638256929,travel_agent,CVC,poi,"[-7.1490103, -34.8424748]"
5638256930,travel_agent,Expresso Guanabara,poi,"[-7.1501225, -34.8411021]"
5638282849,restaurant,Pizza Mia,poi,"[-7.1507197, -34.8399506]"
5638296301,kiosk,Food Truck,poi,"[-7.146904, -34.8467473]"
5646385842,windmill,Moinho do Pigalle,poi,"[-7.0903578, -34.8500061]"
5649902362,restaurant,Macaxeira Premium,poi,"[-7.1471213, -34.848492]"
5649902363,pharmacy,Farmácias Independente,poi,"[-7.1467664, -34.8482381]"
5649902364,pharmacy,Pague Menos,poi,"[-7.1469553, -34.847717]"
5649902365,pharmacy,Farmácias BomDia,poi,"[-7.1471099, -34.8472612]"
5649902366,pharmacy,Farmácia Permanente,poi,"[-7.1472226, -34.8469452]"
5649902367,pharmacy,Pague Menos,poi,"[-7.1482014, -34.8442466]"
5649902368,pharmacy,Redepharma,poi,"[-7.1477137, -34.8456752]"
5790665860,doityourself,Mega Nordeste,poi,"[-7.1662944, -34.8530551]"
5790672055,pharmacy,Drogarias Globo,poi,"[-7.1674334, -34.859294]"
5790945765,arts_centre,Espaço Cultural,poi,"[-7.1205852, -34.8438275]"
5853784072,pub,Bar do Elvis,poi,"[-7.1366556, -34.8509647]"
5873875960,recycling,Art Sustentável,poi,"[-7.1375573, -34.8771185]"
5940689286,restaurant,Churrascaria e Lanchonete Três Gerações,poi,"[-7.1675927, -34.8964836]"
5957441785,post_office,AGF Rodoviária João Pessoa,poi,"[-7.1191836, -34.8911046]"
5977300285,pub,Donana,poi,"[-7.1205659, -34.8735105]"
5978745685,car_rental,Localiza,poi,"[-7.1195723, -34.8267045]"
5980422485,cafe,Villa Phelipea,poi,"[-7.1129452, -34.8887672]"
5980422585,museum,J Maciel,poi,"[-7.1130367, -34.8886918]"
5980434085,pub,Casarão,poi,"[-7.1134488, -34.8887459]"
5980434086,pub,Hera Bárbara,poi,"[-7.1136992, -34.8884624]"
5983899186,guesthouse,Opção,poi,"[-7.1186036, -34.8901786]"
5983899187,restaurant,Deus É Fiel,poi,"[-7.118706, -34.890182]"
5983900085,supermarket,Ki Preço,poi,"[-7.118517, -34.8901735]"
6018657286,nursing_home,terreno,poi,"[-7.1417633, -34.8182605]"
6041727637,school,Escola SESQ Centenário,poi,"[-7.1150281, -34.8468895]"
6090183385,supermarket,Supermercado Arruda,poi,"[-7.0669246, -34.8411916]"
6123229685,car_rental,Europcar,poi,"[-7.1201454, -34.8256984]"
6123822686,bank,Bradesco,poi,"[-7.1171499, -34.887691]"
6126765153,hotel,HARDMAN,poi,"[-7.1006754, -34.832239]"
6130846986,restaurant,NAU,poi,"[-7.1107712, -34.8290651]"
6132610686,artwork,Alexandrino Contabilidade,poi,"[-7.0846792, -34.8388856]"
6133001886,restaurant,Porto Madero,poi,"[-7.1304601, -34.8235785]"
6161549387,guesthouse,Alohai,poi,"[-7.0900739, -34.8342184]"
6213488085,hospital,Unidade de Pronto Atendimento,poi,"[-7.1482796, -34.842695]"
6250603294,gift_shop,Brinquedos & Presentes,poi,"[-7.0942146, -34.837338]"
6264953386,fast_food,CLAU HAMBURGUERIA ARTESANAL,poi,"[-7.0889323, -34.8354893]"
6379886332,fountain,Chafariz da Lagoa,poi,"[-7.1203416, -34.8800906]"
6434442270,artwork,Coelho,poi,"[-7.1454566, -34.8480504]"
6460170446,restaurant,Restaurante Sertanejo,poi,"[-7.1150009, -34.8799544]"
6484568385,convenience,Shell Select,poi,"[-7.1631793, -34.9010786]"
6498996685,hairdresser,Salão De Beleza Ricks Coiffeur,poi,"[-7.1454744, -34.8462092]"
6516648465,viewpoint,Mirante do Parque Ecológico Bosque dos Sonhos,poi,"[-7.1479677, -34.7966538]"
6516656586,viewpoint,Mirante Farol Do Cabo Branco,poi,"[-7.148702, -34.7962897]"
6551976570,jeweller,Empório do Aço,poi,"[-7.1616684, -34.830599]"
6551976572,fast_food,Casa da Pipoca,poi,"[-7.1620709, -34.8302436]"
6551976575,beauty_shop,Só Brancelhas,poi,"[-7.162053, -34.8301511]"
6551976576,toy_shop,Game Box,poi,"[-7.161872, -34.8311381]"
6551976577,optician,Chilli Beans,poi,"[-7.1621009, -34.8303267]"
6551976578,shoe_shop,Vilalara,poi,"[-7.1620463, -34.8308149]"
6551976579,shoe_shop,Santalola,poi,"[-7.1622978, -34.8304488]"
6551976580,shoe_shop,Couro e Cia,poi,"[-7.1619918, -34.8301363]"
6551976581,gift_shop,Alecrim Presentes,poi,"[-7.1618334, -34.8307344]"
6551976583,cafe,Flor di Latte,poi,"[-7.1625134, -34.8307988]"
6551976584,cafe,Delta Café,poi,"[-7.1618481, -34.830603]"
6551976585,clothes,Toli,poi,"[-7.1619146, -34.8306942]"
6551976586,clothes,Skyler,poi,"[-7.1621089, -34.830261]"
6551976587,clothes,Rutra,poi,"[-7.1618228, -34.8308028]"
6551976588,clothes,Mioche,poi,"[-7.1620889, -34.8304179]"
6551976589,clothes,Damyller,poi,"[-7.1619612, -34.8303348]"
6551976590,clothes,Balão Mágico,poi,"[-7.1617163, -34.8306902]"
6551976591,beauty_shop,Anayara Makeup,poi,"[-7.1619798, -34.8302235]"
6551976592,sports_shop,Kalunga,poi,"[-7.1622313, -34.8303375]"
6551976593,department_store,C&A,poi,"[-7.1620743, -34.8299325]"
6551976594,outdoor_shop,Renner,poi,"[-7.1617789, -34.8298828]"
6551976595,furniture_shop,Casas Bahia,poi,"[-7.1617416, -34.8302262]"
6551976596,department_store,Riachuelo,poi,"[-7.1617044, -34.8304769]"
6551976597,department_store,Rihappy,poi,"[-7.1616405, -34.8309436]"
6551976598,department_store,Renner,poi,"[-7.1617376, -34.8311207]"
6551976599,mobile_phone_shop,Sansung,poi,"[-7.1624229, -34.830662]"
6551976600,mobile_phone_shop,Qualitech,poi,"[-7.1624282, -34.831008]"
6551976601,mobile_phone_shop,Miranda,poi,"[-7.1616738, -34.8301055]"
6551976602,toy_shop,Magic Games,poi,"[-7.1619332, -34.8302007]"
6551976605,optician,Scala,poi,"[-7.1619705, -34.8303978]"
6551976606,optician,Mardan Eyewear,poi,"[-7.1617696, -34.8305494]"
6551976611,mobile_phone_shop,Tim,poi,"[-7.1620211, -34.8303321]"
6551976612,mobile_phone_shop,Oi,poi,"[-7.1625773, -34.8304501]"
6551976613,mobile_phone_shop,Claro,poi,"[-7.1621914, -34.8306365]"
6551976614,jeweller,Lumaê Pratas,poi,"[-7.1619239, -34.8304085]"
6551976615,jeweller,Bijujux,poi,"[-7.1618121, -34.8305681]"
6551976616,gift_shop,Tio Patinhas,poi,"[-7.1621701, -34.8302208]"
6551976617,gift_shop,Mãe do Amor,poi,"[-7.1619213, -34.8310134]"
6551976618,gift_shop,Imaginarium,poi,"[-7.1619266, -34.8306043]"
6551976619,sports_shop,Belomania,poi,"[-7.1617549, -34.8303482]"
6551976620,clothes,Tippo,poi,"[-7.1621601, -34.8309188]"
6551976621,clothes,Polo Wear,poi,"[-7.1623484, -34.8306406]"
6551976622,clothes,Pivete,poi,"[-7.1620916, -34.8307948]"
6551976623,clothes,Mei Mei,poi,"[-7.1619665, -34.8310228]"
6551976624,clothes,Lice Lena,poi,"[-7.1619465, -34.8308927]"
6551976625,clothes,Lupo,poi,"[-7.1622273, -34.83043]"
6551976626,clothes,Herrero,poi,"[-7.1623258, -34.8304555]"
6551976627,clothes,Hering,poi,"[-7.1625493, -34.8306902]"
6551976628,clothes,Colombo,poi,"[-7.1623178, -34.8310308]"
6551976629,clothes,BB Básico,poi,"[-7.1618281, -34.8304085]"
6551976630,clothes,Aleatory,poi,"[-7.1624136, -34.8308618]"
6551976631,shoe_shop,Usaflex,poi,"[-7.1621461, -34.8304112]"
6551976632,shoe_shop,Pepoka,poi,"[-7.1620796, -34.8309007]"
6551976633,shoe_shop,Passomania,poi,"[-7.1619878, -34.8306191]"
6551976634,shoe_shop,Esposende,poi,"[-7.162383, -34.8304823]"
6551976635,shoe_shop,Di Santinni,poi,"[-7.1616099, -34.8306218]"
6551976636,shoe_shop,Davolli,poi,"[-7.1625733, -34.8304877]"
6551976639,furniture_shop,Magazine Luíza,poi,"[-7.1619678, -34.8311542]"
6597669968,car_rental,Foco Aluguel de Carros,poi,"[-7.1339768, -34.9300502]"
6625102685,monument,Janela do Tempo,poi,"[-7.1209946, -34.8810794]"
6682973486,restaurant,Barril 21,poi,"[-7.060459, -34.8425116]"
6708414402,monument,Monumento ao Cooperativismo,poi,"[-7.1230085, -34.8680174]"
