osm_id,fclass,name,type,coordenates
2646462549,christian,Imagem de Nossa Senhora da Penha,pofw,"[-7.1320035, -34.8607479]"
2678752112,christian_catholic,Igreja de São Bento,pofw,"[-7.116527, -34.8845745]"
2797097528,christian,Federação Espírita Paraibana,pofw,"[-7.1240173, -34.869534]"
3065204925,christian_catholic,Igreja Nossa Senhora do Rosário,pofw,"[-7.1328424, -34.8795035]"
3633687797,christian,Igreja São Pedro e São Paulo,pofw,"[-7.1110992, -34.8413008]"
4520987255,christian,Igreja Batista,pofw,"[-7.1528787, -34.8382966]"
4549999751,christian,Igreja Jesus Ressuscitado,pofw,"[-7.1502312, -34.8446522]"
5640385761,christian_catholic,Comunidade Em Adoração,pofw,"[-7.0784762, -34.8332054]"
5790676223,christian_catholic,Igreja de São José,pofw,"[-7.1688066, -34.8570248]"
6187887205,christian_evangelical,Igreja Evangélica Manahain,pofw,"[-7.1651813, -34.8494133]"
6384576381,christian_catholic,Igreja Santa Ana e São Joaquim,pofw,"[-7.1121295, -34.8437878]"
6698277844,christian_evangelical,Igreja universal do reino de deus,pofw,"[-7.1352261, -34.8789588]"
630743138,parking,Jardim Botânico Benjamin Maranhão,traffic,"[-7.1354912, -34.8607616]"
973662367,fuel,Master Gás,traffic,"[-7.1194373, -34.8406191]"
2789543097,fuel,Posto Santa Júlia,traffic,"[-7.1198524, -34.86204]"
2793876544,fuel,Posto BR,traffic,"[-7.1593865, -34.838337]"
2793885200,fuel,Posto ello,traffic,"[-7.1479751, -34.8448524]"
2793888991,fuel,Posto Ipiranga,traffic,"[-7.1463897, -34.8485124]"
2797085773,fuel,Posto Expressão - Torre,traffic,"[-7.1237763, -34.8695994]"
2838296461,parking,Estacionamento Pago,traffic,"[-7.1211972, -34.882423]"
2885375678,fuel,Posto BR,traffic,"[-7.1277578, -34.8614796]"
3167015861,fuel,Texaco,traffic,"[-7.1669501, -34.859828]"
3183917908,parking,Carrefour,traffic,"[-7.1473312, -34.8496845]"
3297525208,fuel,Litoral Sul,traffic,"[-7.2193248, -34.8351508]"
768054622,hotel,Mar Azul,poi,"[-7.1082058, -34.8261584]"
845009397,hospital,Sta. Thereza,poi,"[-7.1293045, -34.8584839]"
859506493,bar,Veranda do Mar,poi,"[-7.109066, -34.824643]"
920872803,bakery,Panificadora,poi,"[-7.1181263, -34.8252977]"
921101994,police,Posto da Polícia Rodoviária Federal,poi,"[-7.1410522, -34.9217484]"
1026885492,school,Escola Mar e Sol,poi,"[-7.094684, -34.844914]"
1028957865,pharmacy,Pague Menos,poi,"[-7.097101, -34.834786]"
1028958115,bank,Itaú,poi,"[-7.097125, -34.834249]"
1207879576,memorial,"Busto do Almirante Joaquim Marques Lisboa, Marquês de Tamandaré",poi,"[-7.1193598, -34.8236454]"
1330000526,restaurant,Pontal do Cabo,poi,"[-7.1457713, -34.8066506]"
1351960638,restaurant,Kyoto Restaurante,poi,"[-7.1248717, -34.8247125]"
1751874262,restaurant,Restaurante Terraço Brasil,poi,"[-7.1263842, -34.8236101]"
1957132650,restaurant,Nau Frutos do Mar,poi,"[-7.1107575, -34.8290618]"
3351835440,parking,Carrefour,traffic,"[-7.1467059, -34.8490842]"
3417752468,fuel,Petrobras,traffic,"[-7.1304647, -34.9357375]"
4398396276,parking,Estacionamento BeMais,traffic,"[-7.154547, -34.8381868]"
4525208690,fuel,Posto A Gauchinha,traffic,"[-7.172952, -34.8977944]"
4738303559,fuel,Posto Cruzeiro do Sul,traffic,"[-7.2139427, -34.8404206]"
4738303560,fuel,Posto Opção,traffic,"[-7.1691297, -34.8384518]"
4738304370,fuel,Posto Extra Petróleo,traffic,"[-7.1742951, -34.8441971]"
4738304371,fuel,Posto BSB Mangabeira,traffic,"[-7.1777972, -34.840898]"
4738306420,fuel,Auto Posto Mangabeira,traffic,"[-7.1815442, -34.8432208]"
4738306421,fuel,Posto Cowboy,traffic,"[-7.2061992, -34.8465065]"
5812661112,fuel,Maxi Posto,traffic,"[-7.1634076, -34.9010512]"
5940709085,fuel,Posto Três Lagoas,traffic,"[-7.1677977, -34.8965195]"
6213466885,fuel,Posto 99,traffic,"[-7.1193123, -34.8372478]"
6257072263,fuel,Ale,traffic,"[-7.1196148, -34.8264685]"
6320951386,fuel,Independência,traffic,"[-7.1188021, -34.8696126]"
1672897885,railway_station,Renascer,transport,"[-7.0751731, -34.8552432]"
1672898551,railway_station,Mandacaru,transport,"[-7.0999537, -34.863719]"
2111531421,railway_station,João Pessoa,transport,"[-7.1147125, -34.8904061]"
2402984975,bus_stop,Jardim Aeroporto,transport,"[-7.1423361, -34.9405667]"
2447728167,railway_station,Alto do Mateus,transport,"[-7.1305401, -34.9133173]"
2531341342,bus_station,Terminal de Ônibus de Mangabeira IV,transport,"[-7.1887995, -34.8390882]"
2631201098,taxi,Táxi Mag Shopping,transport,"[-7.0975077, -34.8346527]"
2631884208,taxi,Táxi - Final da Epitácio Pessoa,transport,"[-7.1193317, -34.825286]"
2635340590,bus_station,Terminal de Ônibus de Muçumagro,transport,"[-7.2160927, -34.8316541]"
2635340603,bus_stop,603,transport,"[-7.068638, -34.844448]"
2635340605,bus_stop,603,transport,"[-7.06902, -34.844244]"
2635340612,bus_stop,603,transport,"[-7.071298, -34.84378]"
2635340615,bus_stop,603,transport,"[-7.072545, -34.843367]"
2635340616,bus_stop,603,transport,"[-7.073001, -34.843358]"
2635340620,bus_stop,603,transport,"[-7.074496, -34.842974]"
2635340630,bus_stop,603,transport,"[-7.0765272, -34.8416258]"
2635340631,bus_stop,603,transport,"[-7.0765511, -34.8414259]"
2635341171,bus_station,Terminal Miramar - Linha 402,transport,"[-7.1245901, -34.8367546]"
2635341843,bus_station,"Terminal Cristo Redentor - 204, 208, 3200, 5204",transport,"[-7.1664887, -34.8720017]"
2666903443,bus_stop,PB Rio/Santa Maria,transport,"[-7.1189631, -34.8893911]"
2666903444,bus_stop,Rodoviária Santa Rita,transport,"[-7.1189672, -34.8896211]"
2666903445,bus_stop,Metro Transportes/Das Graças,transport,"[-7.1189672, -34.8898552]"
2666903446,bus_stop,Reunidas Cabedelo,transport,"[-7.1189713, -34.8891775]"
2678085966,taxi,Ponto de Taxi Praça Castro Pinto,transport,"[-7.1257811, -34.8784998]"
3364653899,bus_stop,502 Torre,transport,"[-7.1216034, -34.8432341]"
3654699757,bus_station,Terminal Quadramares - Linha 203,transport,"[-7.1607674, -34.821127]"
3950854317,bus_station,Terminal de Ônibus do Val Paraíso,transport,"[-7.0810837, -34.8460186]"
3962688661,bus_stop,Plataforma 2,transport,"[-7.1183621, -34.8799703]"
3962688662,bus_stop,Plataforma 4,transport,"[-7.1185013, -34.8796975]"
3962688663,bus_stop,Plataforma 3,transport,"[-7.1184459, -34.8800927]"
3962688664,bus_stop,Plataforma 1,transport,"[-7.1184016, -34.8796542]"
3965038357,bus_stop,Plataforma 5,transport,"[-7.1191649, -34.8781408]"
6080516480,railway_station,Várzea Nova,transport,"[-7.1200292, -34.9554885]"
6080516483,railway_station,Bayeux,transport,"[-7.127485, -34.9280363]"
6122457532,bus_station,TERMINAL - HEITEL SANTIAGO,transport,"[-7.1672127, -34.9553807]"
415521473,town,Bayeux,place,"[-7.1301631, -34.936532]"
603066977,city,João Pessoa,place,"[-7.1215981, -34.882028]"
1080314863,village,Bebelândia,place,"[-7.0782454, -34.9593948]"
1379377553,locality,Cabo Branco,place,"[-7.147285, -34.7970112]"
2047083875,suburb,Parque Verde,place,"[-7.0933151, -34.8474973]"
2047083889,suburb,Jardim América,place,"[-7.0731689, -34.8483534]"
2047083895,suburb,Salinas,place,"[-7.0930192, -34.8563121]"
2047083905,suburb,Renascer,place,"[-7.0726355, -34.8537179]"
2047083908,suburb,Parque Esperança,place,"[-7.0819524, -34.8520853]"
2047083922,suburb,Morada Nova,place,"[-7.0925218, -34.8494299]"
2047083928,suburb,Amazônia Park,place,"[-7.0585842, -34.8532694]"
2052086002,suburb,São José,place,"[-7.104119, -34.8441769]"
2052088882,suburb,Cabo Branco,place,"[-7.1353414, -34.8196967]"
2052088883,suburb,Tambaú,place,"[-7.1153426, -34.8257456]"
2052088884,suburb,Manaíra,place,"[-7.1049787, -34.8344596]"
2052088885,suburb,Altiplano Cabo Branco,place,"[-7.1336871, -34.8279943]"
2268329515,suburb,Cuiá,place,"[-7.1833226, -34.8624575]"
2268329516,suburb,Costa e Silva,place,"[-7.1815128, -34.8963544]"
2268329517,suburb,Muçumagro,place,"[-7.2150478, -34.8358799]"
2268329518,suburb,Paratibe,place,"[-7.2057688, -34.8332439]"
2268329519,suburb,Funcionários,place,"[-7.1815386, -34.888108]"
2268329520,suburb,João Paulo II,place,"[-7.1769358, -34.8790314]"
2402983902,suburb,Tibiri,place,"[-7.1494885, -34.969075]"
2268329521,suburb,Valentina Figueiredo,place,"[-7.2017802, -34.8476424]"
2268329522,suburb,Barra de Gramame,place,"[-7.218753, -34.8117659]"
2268329523,suburb,Planalto da Boa Esperança,place,"[-7.1965934, -34.8579325]"
2268329524,suburb,Gramame,place,"[-7.2073772, -34.8813766]"
2268329525,suburb,Ernani Sátyro,place,"[-7.1729771, -34.8920118]"
2268329526,suburb,Bairro das Indústrias,place,"[-7.1795757, -34.9200585]"
2268329527,suburb,Jardim Aeroporto,place,"[-7.1401992, -34.9377246]"
2268329528,suburb,Distrito Industrial,place,"[-7.1922726, -34.9115398]"
2268329530,suburb,Grotão,place,"[-7.1873293, -34.8829797]"
2268329533,suburb,Mussuré,place,"[-7.2085327, -34.9269893]"
2268329536,suburb,Mumbaba,place,"[-7.1752412, -34.9402931]"
2268329538,suburb,Ernesto Geisel,place,"[-7.1779086, -34.8707904]"
2268329780,suburb,Baralho,place,"[-7.1192117, -34.9007972]"
2268329781,suburb,Sesi,place,"[-7.1246414, -34.9173978]"
2268330856,suburb,São Bento,place,"[-7.1220687, -34.9068135]"
2268756747,suburb,Costa do Sol,place,"[-7.1802792, -34.8162078]"
2268756751,suburb,Cidade dos Colibris,place,"[-7.1592753, -34.8472982]"
2268756754,suburb,José Américo,place,"[-7.1727264, -34.8564377]"
2268756757,suburb,Jardim Cidade Universitária,place,"[-7.1551066, -34.8364492]"
2268756760,suburb,Jardim São Paulo,place,"[-7.1498329, -34.8480052]"
2268756763,suburb,Anatólia,place,"[-7.1491878, -34.8440023]"
2268756766,suburb,Bancários,place,"[-7.1460367, -34.8409081]"
2268756769,suburb,Mangabeira,place,"[-7.1695048, -34.8393055]"
2268756772,hamlet,Cidade Verde,place,"[-7.1803664, -34.8298935]"
2268756775,suburb,Penha,place,"[-7.1651556, -34.7967911]"
2268756779,suburb,Portal do Sol,place,"[-7.1488492, -34.8161888]"
2268756782,suburb,Água Fria,place,"[-7.1540984, -34.8538555]"
2276146527,suburb,Cristo Redentor,place,"[-7.1593848, -34.8757328]"
2276148289,suburb,Centro,place,"[-7.1201984, -34.8844923]"
2276150698,suburb,Jaguaribe,place,"[-7.1330071, -34.8766946]"
2276151581,suburb,Cruz das Armas,place,"[-7.1432217, -34.8876209]"
2276152034,suburb,Torre,place,"[-7.1243744, -34.8621088]"
2277353333,suburb,Bessa,place,"[-7.0673665, -34.843179]"
2277363331,suburb,Brisamar,place,"[-7.1148299, -34.8392392]"
2277363334,suburb,Tambauzinho,place,"[-7.1220693, -34.847951]"
2277363335,suburb,Rangel,place,"[-7.1487617, -34.8729619]"
2277363355,suburb,Varadouro,place,"[-7.1167925, -34.8890965]"
2277363356,suburb,Bairro dos Estados,place,"[-7.1150428, -34.8567486]"
2277363357,suburb,Miramar,place,"[-7.1215157, -34.8377371]"
2277363358,suburb,Tambiá,place,"[-7.1169813, -34.8764524]"
2277368532,suburb,Jardim Oceania,place,"[-7.0812307, -34.8346477]"
2277368536,suburb,Aeroclube,place,"[-7.0809021, -34.8425402]"
2345145388,suburb,Mário Andreazza,place,"[-7.1450732, -34.926772]"
2345145389,suburb,Jardim Veneza,place,"[-7.1625518, -34.9094674]"
2345145390,suburb,Brasília,place,"[-7.1281795, -34.9328332]"
2345145391,suburb,Jardim São Severino,place,"[-7.1224839, -34.9310308]"
2345145392,suburb,Rio do Meio,place,"[-7.1362619, -34.9353243]"
2345145393,suburb,Alto da Boa Vista,place,"[-7.1292436, -34.9415011]"
2345145394,suburb,Comercial Norte,place,"[-7.1512071, -34.9207757]"
2345145395,suburb,Imaculada,place,"[-7.1347358, -34.9231135]"
2345145396,suburb,Jardim São Vicente,place,"[-7.1305743, -34.9224697]"
2345145397,suburb,Centro,place,"[-7.1288715, -34.9289285]"
2345145398,suburb,Alto do Mateus,place,"[-7.1375149, -34.9114416]"
2345145399,suburb,Tambay,place,"[-7.1247084, -34.9394529]"
2374053554,suburb,Ilha do Bispo,place,"[-7.1281341, -34.9018133]"
2374053556,suburb,Oitizeiro,place,"[-7.157875, -34.8974765]"
2374206605,suburb,Alto do Céu,place,"[-7.0949715, -34.8621139]"
2374206609,suburb,Roger,place,"[-7.1106124, -34.8776429]"
2374218458,suburb,Bairro dos Ipês,place,"[-7.1006548, -34.8550283]"
2374231539,suburb,Mandacaru,place,"[-7.1049697, -34.8610982]"
2374231540,suburb,Padre Zé,place,"[-7.1051464, -34.8700633]"
2374231541,suburb,Treze de Maio,place,"[-7.1117056, -34.8656698]"
2374292828,suburb,João Agripino,place,"[-7.1089293, -34.841942]"
2374292829,suburb,Pedro Gondim,place,"[-7.1147083, -34.8466675]"
2374297980,suburb,Expedicionários,place,"[-7.1235825, -34.8527981]"
2374334273,suburb,Trincheiras,place,"[-7.1247369, -34.8874646]"
2374411437,suburb,Castelo Branco,place,"[-7.1309966, -34.8471679]"
2534871521,hamlet,Engenho Velho,place,"[-7.2051267, -34.8951971]"
2537420742,hamlet,Cidade dos Funcionários,place,"[-7.1602165, -34.892511]"
2537420744,hamlet,Jardim Planalto,place,"[-7.1600958, -34.9001735]"
2539916543,hamlet,Vale das Palmeiras,place,"[-7.1602784, -34.8837075]"
2545756162,hamlet,Vila dos Pescadores,place,"[-7.1701751, -34.8005288]"
2546272902,hamlet,Colinas do Sul,place,"[-7.1958735, -34.8841154]"
2576270977,hamlet,Colinas do Sul II,place,"[-7.2051443, -34.8713659]"
2576270980,hamlet,Residencial Irmã Dulce,place,"[-7.2007372, -34.8707518]"
2576285056,hamlet,Mangabeira II,place,"[-7.1793295, -34.839294]"
2576285057,hamlet,Mangabeira III,place,"[-7.1792263, -34.8452842]"
2576285058,hamlet,Mangabeira IV,place,"[-7.1882868, -34.8397699]"
2576285059,hamlet,Nova Mangabeira,place,"[-7.1963727, -34.8337313]"
2614976115,hamlet,Campina,place,"[-7.2232728, -34.8767074]"
2614976118,hamlet,Caxitu,place,"[-7.2235492, -34.9113732]"
2614976120,hamlet,Cedro,place,"[-7.2283042, -34.9048525]"
2614976126,hamlet,Guaxinduba,place,"[-7.2427899, -34.8397007]"
2614976136,hamlet,Mituaçu,place,"[-7.2312345, -34.8686261]"
2614976138,hamlet,Oiteiro,place,"[-7.2341649, -34.8552502]"
2614976156,hamlet,Tesoura,place,"[-7.2303499, -34.8831724]"
2617375130,hamlet,Alto do Contorno,place,"[-7.1235078, -34.9451542]"
2617375131,suburb,Bairro do Açude,place,"[-7.1287621, -34.9731476]"
2617375133,hamlet,Bela Vista,place,"[-7.1233797, -34.9521929]"
2617375134,hamlet,Boa Vista,place,"[-7.1298514, -34.951644]"
2617375142,hamlet,CEHAP II,place,"[-7.1507076, -34.9663672]"
2617375146,hamlet,Castro Pinto,place,"[-7.1578517, -34.9515149]"
2617375154,hamlet,Cirne I,place,"[-7.1426984, -34.9700157]"
2617375163,hamlet,Comercial Tibiri,place,"[-7.1430508, -34.9689179]"
2617375175,hamlet,Dois Irmãos,place,"[-7.1160428, -34.9488027]"
2617375179,hamlet,Engenho Santo Amaro I e II,place,"[-7.1185098, -34.9523866]"
2617375183,hamlet,Fernando Santiago,place,"[-7.1345289, -34.9695314]"
2617375185,suburb,Heitel Santiago,place,"[-7.1589521, -34.9536074]"
2617375187,hamlet,Jardim Europa I,place,"[-7.1507076, -34.9574558]"
2617375188,hamlet,Jardim Europa II,place,"[-7.1412247, -34.9715009]"
2617375189,hamlet,Jardim Faixa Alegre,place,"[-7.1212331, -34.9387289]"
2617375190,hamlet,Jardim Miritânia,place,"[-7.1277511, -34.9711359]"
2617375194,hamlet,Loteamento Heitel Santiago I e II,place,"[-7.1639065, -34.9613626]"
2617375197,hamlet,Loteamento Heitel Santiago,place,"[-7.1657966, -34.9558414]"
2617375203,hamlet,Loteamento Tibiri II e III,place,"[-7.1235719, -34.971953]"
2617375208,hamlet,Paraíso Tropical,place,"[-7.1520532, -34.9735996]"
2617375211,hamlet,Planalto Tibiri I,place,"[-7.158108, -34.9640102]"
2617375212,hamlet,Planalto Tibiri II,place,"[-7.1553529, -34.9563257]"
2617375213,hamlet,Planalto de Santa Rita,place,"[-7.1319189, -34.948287]"
2617375214,hamlet,Portal de Santa Rita,place,"[-7.1610874, -34.9540656]"
2617375215,hamlet,Portal do Paraíso,place,"[-7.1468632, -34.9640425]"
2617375217,hamlet,Privê Aeroporto,place,"[-7.1592613, -34.9462197]"
2617375219,hamlet,Sol Nascente,place,"[-7.1588128, -34.9720498]"
2617375221,hamlet,São Judas Tadeu,place,"[-7.130332, -34.9583276]"
2617375223,hamlet,Vale de Santa Rita I e II,place,"[-7.1662131, -34.9720498]"
2617375224,suburb,Várzea Nova,place,"[-7.1225787, -34.9544208]"
2617375225,hamlet,Áurea Ribeiro,place,"[-7.1402956, -34.9656569]"
2771230877,hamlet,Bairro dos Novais,place,"[-7.1521741, -34.9028981]"
2791614741,hamlet,Jacarapé,place,"[-7.1941737, -34.8165955]"
2956762417,hamlet,Alto Roger,place,"[-7.1126148, -34.8810826]"
2956762418,hamlet,Baixo Roger,place,"[-7.1090655, -34.8804063]"
3004602799,suburb,Ponta do Seixas,place,"[-7.1562544, -34.7952865]"
3217713796,suburb,Distrito Mecânico,place,"[-7.1270787, -34.8895121]"
3357855293,suburb,Mata do Buraquinho,place,"[-7.1420818, -34.8624837]"
3616191114,hamlet,Cidade Verde 1ª Etapa,place,"[-7.1755232, -34.9273826]"
3616191115,hamlet,Cidade Verde 2ª Etapa,place,"[-7.1792111, -34.9330157]"
3623533357,hamlet,Distrito Industrial de Mangabeira,place,"[-7.1642161, -34.8210907]"
4708771389,locality,CCEN - Centro de Ciências Exatas e da Natureza,place,"[-7.1392852, -34.8448134]"
1957132654,police,Polícia Civil,poi,"[-7.1004039, -34.8438408]"
1993173430,school,Escola Estadual de Ensino Fundamental João Roberto Borges de Souza,poi,"[-7.1782615, -34.8395843]"
1993173435,hotel,Pousada Bandeirantes,poi,"[-7.1828373, -34.8430698]"
1999695093,attraction,Ponta do Seixas,poi,"[-7.1550796, -34.7933086]"
2014592884,bakery,Padaria Pão da Praia,poi,"[-7.1196064, -34.8276505]"
2014592886,convenience,Verde Fruit,poi,"[-7.1183792, -34.8253349]"
2014595894,restaurant,Parmegiana,poi,"[-7.1113309, -34.8259989]"
2014596909,convenience,Loja de Conveniencia,poi,"[-7.1110753, -34.8252479]"
2022090810,hotel,Hotel Caiçara Best Western,poi,"[-7.1126692, -34.8249531]"
2022114793,fast_food,Laça Burger,poi,"[-7.1102027, -34.8274901]"
2022251371,fast_food,Cantina de Seu Biu,poi,"[-7.160643, -34.8544549]"
2022369594,bakery,Panificadora Flor do trigo,poi,"[-7.1101443, -34.8246168]"
2051838618,bar,Cia do Chopp,poi,"[-7.1123398, -34.8237499]"
2051840529,bank,Bradesco,poi,"[-7.1109428, -34.8263117]"
2051846080,nightclub,Zodiaco,poi,"[-7.1113125, -34.825032]"
2051846671,bar,Emporio Café,poi,"[-7.1119599, -34.8235649]"
2052041597,restaurant,Adega do Alfredo,poi,"[-7.1049842, -34.8302681]"
2052042204,restaurant,Apetitto Tratoria,poi,"[-7.1118055, -34.8242489]"
2052042388,restaurant,Mediterraneo,poi,"[-7.1124021, -34.824331]"
2052042464,restaurant,Peixada do Duda,poi,"[-7.1121253, -34.8240038]"
2052191813,restaurant,Fri Berg Sorveteria,poi,"[-7.1094003, -34.8246286]"
2052197138,restaurant,Osaka Restaurante Asiático,poi,"[-7.1111766, -34.8244554]"
2106594984,restaurant,Gulliver Praia,poi,"[-7.1459119, -34.8043413]"
2537415384,library,IHGP - Instituto Histórico e Geográfico Paraibano,poi,"[-7.1178891, -34.882559]"
2543981421,viewpoint,Hotel Globo,poi,"[-7.1125346, -34.8888693]"
2630657422,restaurant,Vila Cariri,poi,"[-7.1013517, -34.8386475]"
2630667490,bar,Golfinho Bar e Restaurante,poi,"[-7.0806619, -34.831397]"
2631202026,supermarket,Supermercado Pão de Açúcar - Retão de Manaíra,poi,"[-7.0973131, -34.8385861]"
2631225417,bakery,Panificadora Alvorada,poi,"[-7.0765019, -34.8374382]"
2633812567,bar,Bessa Grill,poi,"[-7.0654719, -34.8398142]"
2658100358,bank,Santander,poi,"[-7.1110391, -34.8256711]"
2658100593,bank,Caixa Econômica Federal,poi,"[-7.1111118, -34.8258144]"
2658667750,restaurant,Restaurante Domani,poi,"[-7.1473319, -34.8472426]"
2671290609,hotel,Hotel ibis João Pessoa,poi,"[-7.1438858, -34.8131067]"
2677362197,bank,Banco do Brasil,poi,"[-7.168741, -34.8639345]"
2678074115,courthouse,Fórum Criminal Ministro Osvaldo Trigueiro de Albuquerque Melo,poi,"[-7.1257456, -34.882962]"
2678170998,bakery,Padaria Senhor dos Passos,poi,"[-7.1342789, -34.8746721]"
2678741385,bank,Santander,poi,"[-7.1158507, -34.8888185]"
2678749782,university,Faculdade de Ciências Médicas da Paraíba,poi,"[-7.1154791, -34.8850398]"
2678753524,school,Instituto João XXIII,poi,"[-7.114419, -34.8787026]"
2681582442,bar,Bá do Zé,poi,"[-7.1012466, -34.838402]"
2681583080,post_office,Correios - Manaíra,poi,"[-7.0976924, -34.8405739]"
2693191783,comms_tower,TIM,poi,"[-7.1670912, -34.8627399]"
2693195861,comms_tower,TIM,poi,"[-7.1326837, -34.8409411]"
2695733548,mall,Manaíra Shopping,poi,"[-7.098275, -34.8442886]"
2731878958,bar,Bar do Borba,poi,"[-7.1473991, -34.844357]"
2789542912,supermarket,Bom Preço - Epitácio,poi,"[-7.1198593, -34.857359]"
2793874689,restaurant,Novo Oriente,poi,"[-7.1454462, -34.8401689]"
2793896922,car_dealership,Seminovos Localiza,poi,"[-7.1055378, -34.8448238]"
2809833347,car_rental,Aeroporto João Pessoa,poi,"[-7.1434819, -34.9476199]"
2816162024,police,Policia Estadual,poi,"[-7.2224064, -34.8379634]"
2838290900,bank,Santander,poi,"[-7.1216329, -34.8831192]"
2838296427,bank,Banco do Brasil,poi,"[-7.1212824, -34.8832652]"
2838299416,hotel,Hotel Guarany,poi,"[-7.1231058, -34.8828901]"
2846396838,hospital,Complexo Hospitalar Mangabeira - Trauminha,poi,"[-7.1750813, -34.8374958]"
2847348199,bookshop,Livraria Paulos,poi,"[-7.1161241, -34.8824233]"
2847352846,car_dealership,Shopping dos Automoveis,poi,"[-7.0936269, -34.8479055]"
2884646402,police,Delegacia do Turista,poi,"[-7.1101088, -34.8233743]"
2885794674,supermarket,HIper Bompreço Lagoa,poi,"[-7.1184632, -34.8783283]"
2885813044,bank,Banco Itaú - Epitácio Pessoa,poi,"[-7.1195591, -34.8549413]"
2885820548,bank,HSBC - Epitácio Pessoa,poi,"[-7.1195502, -34.8546476]"
2885821955,bank,Caixa Econômica Federal - Epitácio Pessoa,poi,"[-7.1195169, -34.856727]"
2902104297,library,Arquivo Eclesiástico,poi,"[-7.1142134, -34.8824022]"
2902104298,museum,Centro Cultural São Francisco,poi,"[-7.1145883, -34.8825453]"
2928661443,hotel,Igatu Praia Hotel,poi,"[-7.127546, -34.8234718]"
2929096280,hotel,Ambassador Flat,poi,"[-7.1266221, -34.823708]"
2929096281,hotel,Littoral Hotel,poi,"[-7.1291297, -34.8229527]"
2929096282,hotel,Nord Luxxor Cabo Branco,poi,"[-7.1270607, -34.8236733]"
2929096283,hotel,Nord Ondas do Atlantico,poi,"[-7.128035, -34.8233411]"
2929149343,restaurant,Olho de Lula,poi,"[-7.1301144, -34.8225877]"
2936706413,restaurant,Mamma mia,poi,"[-7.111362, -34.824042]"
2953642785,hotel,Trevo Motel,poi,"[-7.1625377, -34.8612978]"
2979269525,sports_shop,BeloMania,poi,"[-7.1139083, -34.8226438]"
2997096965,bar,Rei da Fava,poi,"[-7.1649421, -34.8737915]"
3014288872,bank,Banco do Brasil,poi,"[-7.1281189, -34.8689261]"
3036281279,restaurant,Nonna Anaia,poi,"[-7.1095163, -34.8244975]"
3168629423,supermarket,Mercadinho Bonopreço,poi,"[-7.1990702, -34.8615128]"
3195908758,fast_food,Beijo de Goma Tapiocaria,poi,"[-7.1450335, -34.8352099]"
3273474543,clothes,Santa Lolla,poi,"[-7.113074, -34.8283897]"
3273481863,clothes,Glamour Noivas - Aluguel de Roupa,poi,"[-7.1132831, -34.8282691]"
3273492678,pharmacy,Farmaflora,poi,"[-7.1143545, -34.8247193]"
3287977543,fast_food,Subway,poi,"[-7.0899542, -34.8384101]"
3297525207,community_centre,Chácara NBS,poi,"[-7.2138025, -34.8314966]"
3299325869,bar,Bar do Lula,poi,"[-7.1014024, -34.8387103]"
3299327903,fast_food,Empadinha do Barnabé,poi,"[-7.101374, -34.8381458]"
3299329406,fast_food,Manaçaí,poi,"[-7.102952, -34.8379193]"
3301687961,hospital,CLIM,poi,"[-7.1199009, -34.869393]"
3304432519,restaurant,Peixada do Amor,poi,"[-7.1590949, -34.7964902]"
3358374082,library,Biblioteca Juarez da Gama Batista,poi,"[-7.1220025, -34.8438507]"
3358404045,theatre,Teatro Paulo Pontes,poi,"[-7.1224263, -34.8424293]"
3358404046,theatre,Teatro de Arena Leonardo Nobrega,poi,"[-7.122229, -34.8440608]"
3358404047,cinema,Cine Bangüê,poi,"[-7.1217683, -34.8439392]"
3358435966,museum,Museu José Lins do Rego,poi,"[-7.1219785, -34.8424774]"
4547454076,bank,Santander,poi,"[-7.1367962, -34.844719]"
3358446193,theatre,Sala de Concertos Maestro José Siqueira,poi,"[-7.122101, -34.8424264]"
3358452135,bank,Santander,poi,"[-7.1217629, -34.8421368]"
3358460339,bank,Banco do Brasil,poi,"[-7.1217656, -34.842464]"
3358496776,theatre,Praça do Povo,poi,"[-7.1222447, -34.8425471]"
3358496777,post_office,Correios,poi,"[-7.1217683, -34.8433196]"
3358787123,hospital,Hemocentro da Paraíba,poi,"[-7.1275197, -34.8706583]"
3358917435,restaurant,Pinto no Balde Restaurante,poi,"[-7.1218776, -34.8410145]"
3364648826,convenience,Mercearia,poi,"[-7.1215598, -34.8430686]"
3364648827,restaurant,Espaço do Sabor Restaurante,poi,"[-7.1215588, -34.8431951]"
3364648828,restaurant,Restaurante Nordestino,poi,"[-7.1215608, -34.8431319]"
3364648829,stationery,Coisas & Trekos Papelaria e Presentes,poi,"[-7.1215588, -34.8432683]"
3368082064,community_centre,DETRAN,poi,"[-7.1070565, -34.8446113]"
3373832096,doctors,Druvalina R. Lima de Paula - Psicóloga,poi,"[-7.1208395, -34.8419334]"
3373832097,doctors,Kallina L. Chacon R. Brasil - Psicológa e Psicoterapeuta,poi,"[-7.1208829, -34.8419317]"
3385414487,bakery,Panificadora Pan América,poi,"[-7.1027287, -34.8374297]"
3417767966,bakery,Panificadora Pernambucana,poi,"[-7.1347426, -34.9383619]"
3475307880,hairdresser,Claudio´s Cabeleireiro,poi,"[-7.1140087, -34.8290606]"
3477771846,supermarket,Supermercado Tambaú,poi,"[-7.1185329, -34.8283829]"
3663470323,police,14ª Superintendência Regional de Polícia Rodoviária Federal,poi,"[-7.1640178, -34.8624453]"
3773686523,police,4ª Delegacia de Policia,poi,"[-7.177676, -34.8705885]"
3773687572,school,Escola Municipal Fenelon Câmara,poi,"[-7.1778457, -34.8676271]"
3773703428,supermarket,Superbox Brasil - Geisel,poi,"[-7.177001, -34.8689625]"
3796963122,clothes,Closet da Carol,poi,"[-7.1674035, -34.8561128]"
3814919886,university,UEPB - Campus V,poi,"[-7.1583282, -34.8727671]"
3824855716,nightclub,Pink Elephant,poi,"[-7.1286052, -34.8269667]"
3824855717,mall,Pátio Altiplano,poi,"[-7.1310258, -34.8254727]"
3849747257,restaurant,Foot praia,poi,"[-7.1035659, -34.830366]"
3927229533,bank,Banco do Brasil,poi,"[-7.126836, -34.8795364]"
3957339780,pharmacy,Pbpharma Farmácia e Manipulção,poi,"[-7.1182072, -34.8825583]"
3957350882,pharmacy,Drogasil - Epitácio Pessoa,poi,"[-7.1193496, -34.8362495]"
4084724789,bar,Bar do Contorno,poi,"[-7.1366528, -34.85107]"
4243260590,hospital,USF da Penha,poi,"[-7.1653007, -34.7988444]"
4270822392,fire_station,Corpo de Bombeiros,poi,"[-7.1640228, -34.8325167]"
4317663619,park,ONG Guajiru - Tartarugas Urbanas,poi,"[-7.0597613, -34.842462]"
4317672791,hospital,Unimed,poi,"[-7.1301354, -34.8563156]"
4346683191,guesthouse,Casa Firmino,poi,"[-7.0707879, -34.8438443]"
4348629989,pub,Borrachudo,poi,"[-7.0667858, -34.8418304]"
4355754400,community_centre,csu,poi,"[-7.181036, -34.8700584]"
4356713903,fast_food,Habib's,poi,"[-7.1490463, -34.841795]"
4364211489,shelter,E BT JPA Lm claro,poi,"[-7.1024944, -34.8644404]"
4365995813,fast_food,Britus Burguer,poi,"[-7.1805869, -34.869188]"
4365997645,bakery,Panificadora Santa Barbara,poi,"[-7.1804631, -34.8691728]"
4370470189,convenience,ll conveniência,poi,"[-7.1870564, -34.8464557]"
4393707489,restaurant,Appetito Trattoria,poi,"[-7.1118319, -34.8242973]"
4398397369,fast_food,Subway,poi,"[-7.1506811, -34.8387088]"
4398397370,hospital,Unimed,poi,"[-7.151541, -34.8390398]"
4398402597,bar,Privilege Music Bar,poi,"[-7.152206, -34.838496]"
4398402598,fast_food,Açaí Do Chef,poi,"[-7.1501546, -34.8410715]"
4398402599,school,Yazigi,poi,"[-7.1523871, -34.8385962]"
4398402601,supermarket,BeMais Supermercados,poi,"[-7.154894, -34.8379496]"
4398402602,restaurant,Pizzaria do Paulista,poi,"[-7.151965, -34.8387642]"
4398402603,supermarket,Todo Dia,poi,"[-7.1538137, -34.8382124]"
4398402605,school,Colégio Século,poi,"[-7.1524403, -34.8383727]"
4406292969,bakery,Panificadora & Lanchonete Cardozo 2,poi,"[-7.1667871, -34.830307]"
4406293304,supermarket,Mercadinho São Jorge,poi,"[-7.1667196, -34.8304261]"
4434443590,restaurant,Maison Filipeia,poi,"[-7.151271, -34.8160575]"
4436275889,furniture_shop,BENTEC,poi,"[-7.1197005, -34.8422038]"
4436923351,school,Escola Municipal de ensino Fundamental Hugo Moura,poi,"[-7.1061072, -34.869055]"
4449486284,restaurant,Pizzaria Veneza,poi,"[-7.150565, -34.8400656]"
4449503702,sports_centre,Acadêmia da Saúde,poi,"[-7.1478285, -34.8435471]"
4473804926,restaurant,Kital Temaki,poi,"[-7.1518892, -34.838849]"
4473888797,fast_food,Bob's Burguers,poi,"[-7.1525294, -34.8389359]"
4474447389,restaurant,Oi Pizzaria,poi,"[-7.1687882, -34.8537395]"
4474447489,supermarket,Bemais,poi,"[-7.163196, -34.8481048]"
4508638691,chalet,Empreendimento em Construção,poi,"[-7.1505268, -34.817601]"
4508713089,attraction,Igreja N.Sra.das Neves,poi,"[-7.1945598, -34.8483565]"
4509652132,fast_food,Suprema Lanches,poi,"[-7.151341, -34.8507167]"
4509948923,pharmacy,Drogasil,poi,"[-7.1535851, -34.8383337]"
4509957724,fast_food,Cachorro Quente do Monaci,poi,"[-7.1511894, -34.839416]"
4514531893,bank,Itaú,poi,"[-7.1198654, -34.8817341]"
4519240574,restaurant,Casa do Cupim e Casa da China,poi,"[-7.1647607, -34.8386475]"
4520982751,newsagent,Banca Maia,poi,"[-7.152586, -34.8385527]"
4521932329,car_dealership,Mascarenhas Pneus,poi,"[-7.1508408, -34.8396871]"
4521944680,supermarket,BEMAIS Supermercados,poi,"[-7.148483, -34.843879]"
4521948843,supermarket,Carrefour,poi,"[-7.1469128, -34.8493561]"
4547438247,bar,Barraco Democrático,poi,"[-7.1475708, -34.8424735]"
4547445573,bank,Caixa Econômica Federal,poi,"[-7.149369, -34.8413231]"
4550004971,bar,Boteco da Cerveja,poi,"[-7.1494223, -34.8409324]"
4551385282,bar,Bar do Guerreiro,poi,"[-7.1482591, -34.8452497]"
4551385283,school,Escola Municipal Lions Tambaú,poi,"[-7.1512664, -34.8398344]"
4551385284,restaurant,Pizzaria D'Nápoles,poi,"[-7.1583702, -34.8383082]"
4551388809,department_store,Armazém Paraíba,poi,"[-7.1563715, -34.8387347]"
4554392694,optician,Fabio otica,poi,"[-7.0997794, -34.84343]"
4555555293,bank,Banco do Brasil,poi,"[-7.1588275, -34.8382686]"
4558685161,restaurant,Boteco da Fava,poi,"[-7.1205332, -34.8876991]"
4562944089,gift_shop,Liv Bags,poi,"[-7.1086688, -34.8274171]"
4565074107,beauty_shop,Bellaliz,poi,"[-7.1193101, -34.8623903]"
4565808590,bank,CEF,poi,"[-7.0852188, -34.8449732]"
4568389698,hotel,HOTEL VILLAGE PREMIUM,poi,"[-7.1193421, -34.827831]"
4572993594,hotel,ECCO HOTEL,poi,"[-7.0859427, -34.8333979]"
4573118389,hotel,Hotel Village Confort,poi,"[-7.1036418, -34.8328372]"
4587976961,restaurant,Macaxeira Sul,poi,"[-7.1490419, -34.8437889]"
4593410584,bank,Banco do Brasil,poi,"[-7.1644913, -34.8387109]"
4593690249,furniture_shop,Miranda Móveis,poi,"[-7.16312, -34.8385551]"
4593700191,furniture_shop,Samsara Móveis,poi,"[-7.1625748, -34.8385705]"
4593702866,optician,Óticas Mangabeira,poi,"[-7.1627138, -34.8385537]"
4593765880,doctors,Laboratório Maurílio de Almeida,poi,"[-7.1626864, -34.8383039]"
4593768858,doityourself,Central das Fechaduras,poi,"[-7.1632319, -34.8382858]"
4593768859,furniture_shop,Credimóveis Novo Lar,poi,"[-7.1631321, -34.8382805]"
4593771405,clothes,Blusas & Cia,poi,"[-7.1641864, -34.8386152]"
4593773889,pharmacy,Redepharma,poi,"[-7.1637433, -34.8385992]"
4593827293,shoe_shop,Casa Pio,poi,"[-7.168444, -34.8387274]"
4593827294,furniture_shop,Kasa Decor,poi,"[-7.1683449, -34.8384672]"
4593827296,shoe_shop,Olindina,poi,"[-7.1681027, -34.8384565]"
4593831509,supermarket,BeMais Supermercados,poi,"[-7.1708711, -34.8392786]"
4593831510,pharmacy,Pague Menos,poi,"[-7.1702816, -34.8390091]"
4593831511,bakery,Panificadora Ideal,poi,"[-7.1701978, -34.8389728]"
4593839868,restaurant,Restaurante Popular,poi,"[-7.1700341, -34.8417074]"
4593839869,doctors,Unidade de Saúde da Família,poi,"[-7.1703109, -34.8417409]"
4593842058,school,E.E.E.F.M. Pedro Lins,poi,"[-7.1695947, -34.8417231]"
4640080366,fast_food,Cantinho do Pastel,poi,"[-7.1469895, -34.8441956]"
4640555529,fast_food,Kantinho do Betão,poi,"[-7.1344651, -34.8734301]"
4716858168,restaurant,Sakē Temakeria,poi,"[-7.1494302, -34.8431225]"
4721452955,fast_food,Samburg Lanches,poi,"[-7.1402998, -34.8492325]"
4721452956,fast_food,Ecolanches,poi,"[-7.1404508, -34.8491921]"
4721452957,fast_food,Lanchonete do Cláudio (Vascão),poi,"[-7.1406292, -34.8491269]"
4723391881,restaurant,Arte da Pizza,poi,"[-7.1500457, -34.8411556]"
4725157491,hospital,Hospital São Luís,poi,"[-7.1343462, -34.8817573]"
4727950985,bank,Banco do Brasil,poi,"[-7.1372976, -34.8472145]"
4727950986,post_office,Agência de Correios,poi,"[-7.1373409, -34.8473103]"
4753511221,hairdresser,Studio Carol Leal,poi,"[-7.1673807, -34.8561413]"
4760971859,observation_tower,Torre de Controle,poi,"[-7.1464104, -34.949208]"
4773711691,pharmacy,Drogaria Globo,poi,"[-7.1768741, -34.8739876]"
4790807678,pharmacy,Farmácia Maia,poi,"[-7.1526621, -34.8384889]"
4790808362,pharmacy,Extrafarma,poi,"[-7.1510111, -34.8399749]"
4812641118,pharmacy,Drogaria Geisel,poi,"[-7.1793232, -34.8738053]"
4812641119,bakery,Padaria Nossa Senhora dos Prazeres,poi,"[-7.1796479, -34.873802]"
4812641120,pharmacy,Farmária Francy,poi,"[-7.1795623, -34.873605]"
4812641321,pharmacy,Farmária Permanente,poi,"[-7.178433, -34.873859]"
4812641322,pharmacy,Farmácia Pague Menos,poi,"[-7.177951, -34.873738]"
4812641323,restaurant,Veneza Pizzaria,poi,"[-7.1777343, -34.8737403]"
4812641324,school,JPI Idiomas,poi,"[-7.1780751, -34.8737269]"
4869047321,travel_agent,Paraina,poi,"[-7.1141415, -34.8779611]"
4879089922,restaurant,Lanchonete,poi,"[-7.1593347, -34.8553101]"
4879111323,school,Auditório,poi,"[-7.1585464, -34.8525046]"
4886483763,library,Livraria do IBGE,poi,"[-7.1207893, -34.8856499]"
4889865525,supermarket,Supermercado Latorre,poi,"[-7.1246925, -34.8636309]"
4902171524,restaurant,Opção,poi,"[-7.1200506, -34.886398]"
4927111127,restaurant,Capitão Farinha,poi,"[-7.1310031, -34.8773189]"
4978394191,cinema,Cine Sex Aquarius,poi,"[-7.121776, -34.8875262]"
4978394192,cinema,Cine França,poi,"[-7.1161535, -34.887388]"
4978394193,cinema,Cine Sex América,poi,"[-7.1180712, -34.8866504]"
4978394194,cinema,Cinesercla,poi,"[-7.1154482, -34.8796387]"
4978394197,cinema,Cinépolis - Manaíra Shopping,poi,"[-7.0984054, -34.8449233]"
4978394198,cinema,Cinépolis,poi,"[-7.1617057, -34.8298667]"
4978394199,cinema,Cinespaço João Pessoa,poi,"[-7.0974485, -34.8336553]"
4985994329,restaurant,Boi Bumbar,poi,"[-7.1118287, -34.826519]"
5002163440,bakery,Fino Nordeste,poi,"[-7.145797, -34.9484774]"
5002188233,gift_shop,O Boticário,poi,"[-7.1455633, -34.948595]"
5002188234,fast_food,Bob's,poi,"[-7.145676, -34.9486505]"
5002188235,fast_food,Cacau Show,poi,"[-7.1457317, -34.948688]"
5002188236,clothes,Maralto Show,poi,"[-7.145789, -34.9487323]"
5002199221,fast_food,Tapiocaria,poi,"[-7.1458887, -34.9485203]"
5002199421,fast_food,Subway,poi,"[-7.1459313, -34.9486256]"
5002199423,clothes,Bodega Nordestina,poi,"[-7.1460204, -34.9487242]"
5002199521,restaurant,Gonzaga's,poi,"[-7.1457351, -34.9485529]"
5002199522,bookshop,Livraria Cordel,poi,"[-7.1458512, -34.9484497]"
5002217721,gift_shop,João de Barro,poi,"[-7.1458406, -34.9487874]"
5002219822,clothes,Semente Natural,poi,"[-7.1458929, -34.9488419]"
5017835621,pub,Espaço mundo,poi,"[-7.1131427, -34.8886016]"
5067886255,bar,Parangolé Bar,poi,"[-7.1535413, -34.8412476]"
5067898209,bar,Villa Universitaria,poi,"[-7.1560593, -34.8528897]"
5067912383,school,Colegio Top,poi,"[-7.1535625, -34.8391214]"
5113055925,post_box,TESTE,poi,"[-7.1173876, -34.8569413]"
5137094754,bar,BARBOSA DRINK'S,poi,"[-7.1226103, -34.8570535]"
5150894276,pub,Arena Grill,poi,"[-7.1366542, -34.850807]"
5159218824,restaurant,Café 17,poi,"[-7.1162455, -34.8842743]"
5169296857,monument,Cruzeiro,poi,"[-7.1150896, -34.8833219]"
5169296857,attraction,Cruzeiro,poi,"[-7.1150896, -34.8833219]"
5169296859,monument,Estátua de Augusto dos Anjos,poi,"[-7.1155568, -34.8833183]"
5169296859,attraction,Estátua de Augusto dos Anjos,poi,"[-7.1155568, -34.8833183]"
5169296860,museum,Academia Paraibana de Letras,poi,"[-7.116028, -34.8833205]"
5228109221,fast_food,Persia,poi,"[-7.1093765, -34.8250223]"
5239719387,bank,Bradesco,poi,"[-7.1542953, -34.8387866]"
5239719388,toy_shop,San Remo Baby,poi,"[-7.1542126, -34.838784]"
5239729638,restaurant,Casa do Cupim e Casa da China,poi,"[-7.1474052, -34.8465566]"
5285170914,monument,Ode a Netuno,poi,"[-7.0888918, -34.8404242]"
5285170915,monument,Grande O,poi,"[-7.0889338, -34.8403707]"
5300015221,supermarket,Atlântico Sul,poi,"[-7.2035429, -34.8326315]"
5310127322,bank,Itaú,poi,"[-7.1201869, -34.8841652]"
5310134023,fast_food,Subway Carrefour,poi,"[-7.0856295, -34.8467492]"
5312324504,attraction,Mausoléu do Presidente João Pessoa,poi,"[-7.1214381, -34.8845476]"
5373722626,clothes,Cia do Corpo,poi,"[-7.1624509, -34.8301468]"
5373722627,jeweller,Vivara,poi,"[-7.1620544, -34.8306271]"
5373722628,shoe_shop,Cia dos Pés,poi,"[-7.1616381, -34.8303763]"
5373722630,cafe,São Braz,poi,"[-7.1616889, -34.8308865]"
5373722631,department_store,Le Biscuit,poi,"[-7.1615477, -34.8311003]"
5373722632,optician,Diniz,poi,"[-7.162105, -34.8302069]"
5373722633,bookshop,Leitura,poi,"[-7.1621358, -34.8308022]"
5373722634,clothes,Realce Surf Mar,poi,"[-7.1621056, -34.8301629]"
5373722635,department_store,Marisa,poi,"[-7.1624584, -34.8308862]"
5373722636,supermarket,Americanas,poi,"[-7.1624842, -34.8303711]"
5373722637,fast_food,Empadinhas Barnabé,poi,"[-7.1624432, -34.830068]"
5373722638,fast_food,Bob's,poi,"[-7.1624358, -34.8308772]"
5373722639,restaurant,Chinatown,poi,"[-7.1617793, -34.8311496]"
5373722640,fast_food,Burger King,poi,"[-7.1620374, -34.831151]"
5373726222,mobile_phone_shop,I Place,poi,"[-7.1623639, -34.8307031]"
5373726224,mobile_phone_shop,Mobile2You,poi,"[-7.1622092, -34.8301074]"
5373726225,optician,Rolim,poi,"[-7.1621047, -34.8300834]"
5373726226,clothes,San Remo,poi,"[-7.1619175, -34.8300532]"
5373726227,jeweller,Sulabelle Jóias,poi,"[-7.1617491, -34.8303972]"
5373726228,fast_food,Habbib's,poi,"[-7.1626097, -34.8303307]"
5373726229,restaurant,Sushi Bessa,poi,"[-7.1625408, -34.8308669]"
5373726230,toy_shop,Game Station,poi,"[-7.1615487, -34.8306658]"
5373726231,fast_food,Doggis,poi,"[-7.1616632, -34.8306847]"
5373726232,fast_food,Giraffa's,poi,"[-7.1616386, -34.8308906]"
5373726233,restaurant,Divino Fogão,poi,"[-7.1616509, -34.8307877]"
5373726234,fast_food,McDonald's,poi,"[-7.161641, -34.8310986]"
5373726235,bank,Caixa Aqui,poi,"[-7.1620805, -34.830475]"
5373727421,artwork,Galeria Rossiter Decor,poi,"[-7.1620004, -34.8302966]"
5373727422,clothes,Perfil Moda Praia,poi,"[-7.1618576, -34.830581]"
5373727423,fast_food,Subway,poi,"[-7.1625214, -34.8300775]"
5373727522,shoe_shop,Club Melissa,poi,"[-7.1617327, -34.8305566]"
5373727523,fast_food,Quanto Prima,poi,"[-7.1626162, -34.8302724]"
5373727524,fast_food,Manaçaí,poi,"[-7.1626023, -34.8303939]"
5373731321,restaurant,Atlântico,poi,"[-7.1616263, -34.8309936]"
5373731421,restaurant,Jampa Grill,poi,"[-7.115496, -34.8799744]"
5373731422,fast_food,Burger King,poi,"[-7.1154707, -34.8798905]"
5373731423,supermarket,Casa Tudo,poi,"[-7.1155966, -34.8797636]"
5373731621,fast_food,Empadinhas Barnabé,poi,"[-7.1156276, -34.879873]"
5373869675,cafe,Varanda Café,poi,"[-7.1625693, -34.8303927]"
5393721536,biergarten,PlayToy,poi,"[-7.115848, -34.8802658]"
5393721537,fast_food,Bob's,poi,"[-7.1156449, -34.880274]"
5393721538,restaurant,Mimo Doce,poi,"[-7.1155312, -34.8802465]"
5393721539,fast_food,Mimo Doce,poi,"[-7.115473, -34.8802022]"
5393721540,restaurant,L'Amazônia,poi,"[-7.1154275, -34.8800581]"
5393727139,biergarten,Game Laser,poi,"[-7.115773, -34.879819]"
5393727140,fast_food,Manaçaí,poi,"[-7.1158401, -34.8798541]"
5393727141,fast_food,Tambiá Burguer,poi,"[-7.1159137, -34.8800071]"
5393727142,fast_food,Tambiá Pastel,poi,"[-7.1159188, -34.8800779]"
5393727143,restaurant,Iang Chao,poi,"[-7.1159113, -34.8801413]"
5393727144,restaurant,Buonguostaio,poi,"[-7.1157846, -34.8802741]"
5393727145,fast_food,Subway,poi,"[-7.1157174, -34.8802861]"
5393727146,restaurant,Happy,poi,"[-7.1154483, -34.8800102]"
5393727147,car_wash,Lava Rápido HD Ecológico,poi,"[-7.1452232, -34.9488759]"
5393728822,cafe,Tambiá Café,poi,"[-7.1154521, -34.8801624]"
5393728823,restaurant,Salsa,poi,"[-7.1154402, -34.8801024]"
5393754721,fast_food,Crepe de la France,poi,"[-7.1157006, -34.8798459]"
5393754723,restaurant,Bonaparte,poi,"[-7.1155892, -34.8802689]"
5412605579,park,Encanto verde,poi,"[-7.1793284, -34.8300347]"
5412613157,park,Encanto Verde,poi,"[-7.1797174, -34.8302898]"
5412622962,park,Encanto Verde,poi,"[-7.1794073, -34.8298164]"
5412623442,park,Encanto Verde,poi,"[-7.1798784, -34.8295911]"
5412623590,park,Encanto Verde,poi,"[-7.1791692, -34.8302992]"
5412624777,park,Encanto Verde,poi,"[-7.1796176, -34.8305004]"
5450872621,supermarket,Todo Dia Geisel,poi,"[-7.1773085, -34.8741606]"
5455312121,restaurant,China Feichang Hao,poi,"[-7.1733413, -34.8742507]"
5506841721,restaurant,Marbeli,poi,"[-7.1229255, -34.8261492]"
5530998131,supermarket,Mercadinho Madalena,poi,"[-7.183608, -34.864249]"
5550131649,school,Escola Estadual Milton Campos,poi,"[-7.1831355, -34.8657344]"
5612767222,fast_food,083 Burger - Hamburgueria Artesanal,poi,"[-7.1290807, -34.8789061]"
5638256928,fast_food,Subway,poi,"[-7.1490369, -34.8428584]"
5638256929,travel_agent,CVC,poi,"[-7.1490103, -34.8424748]"
5638256930,travel_agent,Expresso Guanabara,poi,"[-7.1501225, -34.8411021]"
5638282849,restaurant,Pizza Mia,poi,"[-7.1507197, -34.8399506]"
5638296301,kiosk,Food Truck,poi,"[-7.146904, -34.8467473]"
5646385842,windmill,Moinho do Pigalle,poi,"[-7.0903578, -34.8500061]"
5649902362,restaurant,Macaxeira Premium,poi,"[-7.1471213, -34.848492]"
5649902363,pharmacy,Farmácias Independente,poi,"[-7.1467664, -34.8482381]"
5649902364,pharmacy,Pague Menos,poi,"[-7.1469553, -34.847717]"
5649902365,pharmacy,Farmácias BomDia,poi,"[-7.1471099, -34.8472612]"
5649902366,pharmacy,Farmácia Permanente,poi,"[-7.1472226, -34.8469452]"
5649902367,pharmacy,Pague Menos,poi,"[-7.1482014, -34.8442466]"
5649902368,pharmacy,Redepharma,poi,"[-7.1477137, -34.8456752]"
5790665860,doityourself,Mega Nordeste,poi,"[-7.1662944, -34.8530551]"
5790672055,pharmacy,Drogarias Globo,poi,"[-7.1674334, -34.859294]"
5790945765,arts_centre,Espaço Cultural,poi,"[-7.1205852, -34.8438275]"
5853784072,pub,Bar do Elvis,poi,"[-7.1366556, -34.8509647]"
5873875960,recycling,Art Sustentável,poi,"[-7.1375573, -34.8771185]"
5940689286,restaurant,Churrascaria e Lanchonete Três Gerações,poi,"[-7.1675927, -34.8964836]"
5957441785,post_office,AGF Rodoviária João Pessoa,poi,"[-7.1191836, -34.8911046]"
5977300285,pub,Donana,poi,"[-7.1205659, -34.8735105]"
5978745685,car_rental,Localiza,poi,"[-7.1195723, -34.8267045]"
5980422485,cafe,Villa Phelipea,poi,"[-7.1129452, -34.8887672]"
5980422585,museum,J Maciel,poi,"[-7.1130367, -34.8886918]"
5980434085,pub,Casarão,poi,"[-7.1134488, -34.8887459]"
5980434086,pub,Hera Bárbara,poi,"[-7.1136992, -34.8884624]"
5983899186,guesthouse,Opção,poi,"[-7.1186036, -34.8901786]"
5983899187,restaurant,Deus É Fiel,poi,"[-7.118706, -34.890182]"
5983900085,supermarket,Ki Preço,poi,"[-7.118517, -34.8901735]"
6018657286,nursing_home,terreno,poi,"[-7.1417633, -34.8182605]"
6041727637,school,Escola SESQ Centenário,poi,"[-7.1150281, -34.8468895]"
6090183385,supermarket,Supermercado Arruda,poi,"[-7.0669246, -34.8411916]"
6123229685,car_rental,Europcar,poi,"[-7.1201454, -34.8256984]"
6123822686,bank,Bradesco,poi,"[-7.1171499, -34.887691]"
6126765153,hotel,HARDMAN,poi,"[-7.1006754, -34.832239]"
6130846986,restaurant,NAU,poi,"[-7.1107712, -34.8290651]"
6132610686,artwork,Alexandrino Contabilidade,poi,"[-7.0846792, -34.8388856]"
6133001886,restaurant,Porto Madero,poi,"[-7.1304601, -34.8235785]"
6161549387,guesthouse,Alohai,poi,"[-7.0900739, -34.8342184]"
6213488085,hospital,Unidade de Pronto Atendimento,poi,"[-7.1482796, -34.842695]"
6250603294,gift_shop,Brinquedos & Presentes,poi,"[-7.0942146, -34.837338]"
6264953386,fast_food,CLAU HAMBURGUERIA ARTESANAL,poi,"[-7.0889323, -34.8354893]"
6379886332,fountain,Chafariz da Lagoa,poi,"[-7.1203416, -34.8800906]"
6434442270,artwork,Coelho,poi,"[-7.1454566, -34.8480504]"
6460170446,restaurant,Restaurante Sertanejo,poi,"[-7.1150009, -34.8799544]"
6484568385,convenience,Shell Select,poi,"[-7.1631793, -34.9010786]"
6498996685,hairdresser,Salão De Beleza Ricks Coiffeur,poi,"[-7.1454744, -34.8462092]"
6516648465,viewpoint,Mirante do Parque Ecológico Bosque dos Sonhos,poi,"[-7.1479677, -34.7966538]"
6516656586,viewpoint,Mirante Farol Do Cabo Branco,poi,"[-7.148702, -34.7962897]"
6551976570,jeweller,Empório do Aço,poi,"[-7.1616684, -34.830599]"
6551976572,fast_food,Casa da Pipoca,poi,"[-7.1620709, -34.8302436]"
6551976575,beauty_shop,Só Brancelhas,poi,"[-7.162053, -34.8301511]"
6551976576,toy_shop,Game Box,poi,"[-7.161872, -34.8311381]"
6551976577,optician,Chilli Beans,poi,"[-7.1621009, -34.8303267]"
6551976578,shoe_shop,Vilalara,poi,"[-7.1620463, -34.8308149]"
6551976579,shoe_shop,Santalola,poi,"[-7.1622978, -34.8304488]"
6551976580,shoe_shop,Couro e Cia,poi,"[-7.1619918, -34.8301363]"
6551976581,gift_shop,Alecrim Presentes,poi,"[-7.1618334, -34.8307344]"
6551976583,cafe,Flor di Latte,poi,"[-7.1625134, -34.8307988]"
6551976584,cafe,Delta Café,poi,"[-7.1618481, -34.830603]"
6551976585,clothes,Toli,poi,"[-7.1619146, -34.8306942]"
6551976586,clothes,Skyler,poi,"[-7.1621089, -34.830261]"
6551976587,clothes,Rutra,poi,"[-7.1618228, -34.8308028]"
6551976588,clothes,Mioche,poi,"[-7.1620889, -34.8304179]"
6551976589,clothes,Damyller,poi,"[-7.1619612, -34.8303348]"
6551976590,clothes,Balão Mágico,poi,"[-7.1617163, -34.8306902]"
6551976591,beauty_shop,Anayara Makeup,poi,"[-7.1619798, -34.8302235]"
6551976592,sports_shop,Kalunga,poi,"[-7.1622313, -34.8303375]"
6551976593,department_store,C&A,poi,"[-7.1620743, -34.8299325]"
6551976594,outdoor_shop,Renner,poi,"[-7.1617789, -34.8298828]"
6551976595,furniture_shop,Casas Bahia,poi,"[-7.1617416, -34.8302262]"
6551976596,department_store,Riachuelo,poi,"[-7.1617044, -34.8304769]"
6551976597,department_store,Rihappy,poi,"[-7.1616405, -34.8309436]"
6551976598,department_store,Renner,poi,"[-7.1617376, -34.8311207]"
6551976599,mobile_phone_shop,Sansung,poi,"[-7.1624229, -34.830662]"
6551976600,mobile_phone_shop,Qualitech,poi,"[-7.1624282, -34.831008]"
6551976601,mobile_phone_shop,Miranda,poi,"[-7.1616738, -34.8301055]"
6551976602,toy_shop,Magic Games,poi,"[-7.1619332, -34.8302007]"
6551976605,optician,Scala,poi,"[-7.1619705, -34.8303978]"
6551976606,optician,Mardan Eyewear,poi,"[-7.1617696, -34.8305494]"
6551976611,mobile_phone_shop,Tim,poi,"[-7.1620211, -34.8303321]"
6551976612,mobile_phone_shop,Oi,poi,"[-7.1625773, -34.8304501]"
6551976613,mobile_phone_shop,Claro,poi,"[-7.1621914, -34.8306365]"
6551976614,jeweller,Lumaê Pratas,poi,"[-7.1619239, -34.8304085]"
6551976615,jeweller,Bijujux,poi,"[-7.1618121, -34.8305681]"
6551976616,gift_shop,Tio Patinhas,poi,"[-7.1621701, -34.8302208]"
6551976617,gift_shop,Mãe do Amor,poi,"[-7.1619213, -34.8310134]"
6551976618,gift_shop,Imaginarium,poi,"[-7.1619266, -34.8306043]"
6551976619,sports_shop,Belomania,poi,"[-7.1617549, -34.8303482]"
6551976620,clothes,Tippo,poi,"[-7.1621601, -34.8309188]"
6551976621,clothes,Polo Wear,poi,"[-7.1623484, -34.8306406]"
6551976622,clothes,Pivete,poi,"[-7.1620916, -34.8307948]"
6551976623,clothes,Mei Mei,poi,"[-7.1619665, -34.8310228]"
6551976624,clothes,Lice Lena,poi,"[-7.1619465, -34.8308927]"
6551976625,clothes,Lupo,poi,"[-7.1622273, -34.83043]"
6551976626,clothes,Herrero,poi,"[-7.1623258, -34.8304555]"
6551976627,clothes,Hering,poi,"[-7.1625493, -34.8306902]"
6551976628,clothes,Colombo,poi,"[-7.1623178, -34.8310308]"
6551976629,clothes,BB Básico,poi,"[-7.1618281, -34.8304085]"
6551976630,clothes,Aleatory,poi,"[-7.1624136, -34.8308618]"
6551976631,shoe_shop,Usaflex,poi,"[-7.1621461, -34.8304112]"
6551976632,shoe_shop,Pepoka,poi,"[-7.1620796, -34.8309007]"
6551976633,shoe_shop,Passomania,poi,"[-7.1619878, -34.8306191]"
6551976634,shoe_shop,Esposende,poi,"[-7.162383, -34.8304823]"
6551976635,shoe_shop,Di Santinni,poi,"[-7.1616099, -34.8306218]"
6551976636,shoe_shop,Davolli,poi,"[-7.1625733, -34.8304877]"
6551976639,furniture_shop,Magazine Luíza,poi,"[-7.1619678, -34.8311542]"
6597669968,car_rental,Foco Aluguel de Carros,poi,"[-7.1339768, -34.9300502]"
6625102685,monument,Janela do Tempo,poi,"[-7.1209946, -34.8810794]"
6682973486,restaurant,Barril 21,poi,"[-7.060459, -34.8425116]"
6708414402,monument,Monumento ao Cooperativismo,poi,"[-7.1230085, -34.8680174]"
