"osm_id","fclass","name","type","geometry"
"2646462549","christian","Imagem de Nossa Senhora da Penha","pofw","0101000000E34CB8FC2C6E41C084D4EDEC2B871CC0"
"2678752112","christian_catholic","Igreja de São Bento","pofw","01010000001230BABC397141C06A6798DA52771CC0"
"2797097528","christian","Federação Espírita Paraibana","pofw","01010000004A61DEE34C6F41C08A8D1E64FE7E1CC0"
"3065204925","christian_catholic","Igreja Nossa Senhora do Rosário","pofw","0101000000D89B1892937041C0AF168ED607881CC0"
"3633687797","christian","Igreja São Pedro e São Paulo","pofw","0101000000A00C9FBEAF6B41C072721AFDC3711CC0"
"4520987255","christian","Igreja Batista","pofw","01010000008BAC904D4D6B41C01D05E33B8C9C1CC0"
"4549999751","christian","Igreja Jesus Ressuscitado","pofw","01010000004ABF33901D6C41C0F85A2B35D6991CC0"
"5640385761","christian_catholic","Comunidade Em Adoração","pofw","0101000000E0EC7B79A66A41C0B30EA2105C501CC0"
"5790676223","christian_catholic","Igreja de São José","pofw","010100000033EE17FDB26D41C0546529A3DBAC1CC0"
"6187887205","christian_evangelical","Igreja Evangélica Manahain","pofw","0101000000CB243493B96C41C0A0A4654925A91CC0"
"6384576381","christian_catholic","Igreja Santa Ana e São Joaquim","pofw","0101000000C4E1163D016C41C0D6AA5D13D2721CC0"
"6698277844","christian_evangelical","Igreja universal do reino de deus","pofw","01010000000544D2B8817041C03343F4B5788A1CC0"
"630743138","parking","Jardim Botânico Benjamin Maranhão","traffic","010100000089D3A46F2D6E41C04B958334BE8A1CC0"
"973662367","fuel","Master Gás","traffic","01010000004C721B68996B41C0AFB085C54D7A1CC0"
"2789543097","fuel","Posto Santa Júlia","traffic","010100000003ECA353576E41C071636996BA7A1CC0"
"2793876544","fuel","Posto BR","traffic","01010000006D0377A04E6B41C014B2F33636A31CC0"
"2793885200","fuel","Posto ello","traffic","01010000003BF9991F246C41C0447DDCC886971CC0"
"2793888991","fuel","Posto Ipiranga","traffic","01010000000F20E80D9C6C41C090E2772EE7951CC0"
"2797085773","fuel","Posto Expressão - Torre","traffic","010100000084CF7B084F6F41C05D14E236BF7E1CC0"
"2838296461","parking","Estacionamento Pago","traffic","01010000007E1EA33CF37041C09377691E1B7C1CC0"
"2885375678","fuel","Posto BR","traffic","0101000000E915AAF6446E41C0533CD3F0D2821CC0"
"3167015861","fuel","Texaco","traffic","0101000000B1170AD80E6E41C077418EF7F4AA1CC0"
"3183917908","parking","Carrefour","traffic","010100000085B53176C26C41C0C4B876FDDD961CC0"
"3297525208","fuel","Litoral Sul","traffic","0101000000379DAE38E66A41C095CE2CAE96E01CC0"
"768054622","hotel","Mar Azul","poi","010100000068A8F68EBF6941C038F35080CD6E1CC0"
"845009397","hospital","Sta. Thereza","poi","01010000003F52E9CCE26D41C00CE71A6668841CC0"
"859506493","bar","Veranda do Mar","poi","01010000000BF0DDE68D6941C0126C5CFFAE6F1CC0"
"920872803","bakery","Panificadora","poi","0101000000657BE35AA36941C0A030CD19F6781CC0"
"921101994","police","Posto da Polícia Rodoviária Federal","poi","0101000000F69100DAFB7541C08B1DE8FC6F901CC0"
"1026885492","school","Escola Mar e Sol","poi","01010000005EF75624266C41C05FD1ADD7F4601CC0"
"1028957865","pharmacy","Pague Menos","poi","01010000004F948444DA6A41C0B6A2CD716E631CC0"
"1028958115","bank","Itaú","poi","010100000040DCD5ABC86A41C0FA7E6ABC74631CC0"
"1207879576","memorial","Busto do Almirante Joaquim Marques Lisboa, Marquês de Tamandaré","poi","01010000001B4064366D6941C012D49574397A1CC0"
"1330000526","restaurant","Pontal do Cabo","poi","01010000003E26AD53406741C018C8581245951CC0"
"1351960638","restaurant","Kyoto Restaurante","poi","01010000001B0DE02D906941C0A0C8EE5DDE7F1CC0"
"1751874262","restaurant","Restaurante Terraço Brasil","poi","0101000000E113460E6C6941C0ACEC16DC6A811CC0"
"1957132650","restaurant","Nau Frutos do Mar","poi","010100000073AE72B21E6A41C09A25016A6A711CC0"
"3351835440","parking","Carrefour","traffic","0101000000714683CAAE6C41C05F854A123A961CC0"
"3417752468","fuel","Petrobras","traffic","01010000000612143FC67741C03B21CF8998851CC0"
"4398396276","parking","Estacionamento BeMais","traffic","01010000002EF87EB4496B41C097C79A91419E1CC0"
"4525208690","fuel","Posto A Gauchinha","traffic","0101000000174449EDEA7241C0761C3F541AB11CC0"
"4738303559","fuel","Posto Cruzeiro do Sul","traffic","01010000003EF1F7E6926B41C02BDF8ECB13DB1CC0"
"4738303560","fuel","Posto Opção","traffic","0101000000DC227A63526B41C01121095630AD1CC0"
"4738304370","fuel","Posto Extra Petróleo","traffic","010100000064F08BA60E6C41C08669296A7AB21CC0"
"4738304371","fuel","Posto BSB Mangabeira","traffic","0101000000CBA2B08BA26B41C00F481D7810B61CC0"
"4738306420","fuel","Auto Posto Mangabeira","traffic","01010000004AA7BFA8EE6B41C02B1D07B9E6B91CC0"
"4738306421","fuel","Posto Cowboy","traffic","0101000000FBAC32535A6C41C070D811E225D31CC0"
"5812661112","fuel","Maxi Posto","traffic","0101000000C2024EA5557341C0E1AB675254A71CC0"
"5940709085","fuel","Posto Três Lagoas","traffic","0101000000F65CA626C17241C047600729D3AB1CC0"
"6213466885","fuel","Posto 99","traffic","0101000000F0D297EF2A6B41C0CB0AEA002D7A1CC0"
"6257072263","fuel","Ale","traffic","01010000004B5645B8C96941C06778584D7C7A1CC0"
"6320951386","fuel","Independência","traffic","0101000000439836774F6F41C0D4C8F841A7791CC0"
"1672897885","railway_station","Renascer","transport","01010000002D10F39B786D41C0DF27582DFA4C1CC0"
"1672898551","railway_station","Mandacaru","transport","010100000088F71C588E6E41C0F07442435A661CC0"
"2111531421","railway_station","João Pessoa","transport","010100000057D4BBD3F87141C005C58F3177751CC0"
"2402984975","bus_stop","Jardim Aeroporto","transport","0101000000731A587D647841C02629FA8DC0911CC0"
"2447728167","railway_station","Alto do Mateus","transport","01010000007E2FCF94E77441C02B44D14DAC851CC0"
"2531341342","bus_station","Terminal de Ônibus de Mangabeira IV","transport","0101000000D1BAFC3D676B41C02E01F8A754C11CC0"
"2631201098","taxi","Táxi Mag Shopping","transport","0101000000510251E6D56A41C0C76EFA0ED9631CC0"
"2631884208","taxi","Táxi - Final da Epitácio Pessoa","transport","01010000005FECBDF8A26941C01C81D316327A1CC0"
"2635340590","bus_station","Terminal de Ônibus de Muçumagro","transport","0101000000CB8A3CA4736A41C00B9E9D6747DD1CC0"
"2635340603","bus_stop","603","transport","010100000018963FDF166C41C0280D350A49461CC0"
"2635340605","bus_stop","603","transport","010100000010ECF82F106C41C06614CB2DAD461CC0"
"2635340612","bus_stop","603","transport","01010000006B82A8FB006C41C0B114C95702491CC0"
"2635340615","bus_stop","603","transport","010100000048C32973F36B41C00AF4893C494A1CC0"
"2635340616","bus_stop","603","transport","0101000000F568AA27F36B41C01A4D2EC6C04A1CC0"
"2635340620","bus_stop","603","transport","01010000006CB07092E66B41C034BBEEAD484C1CC0"
"2635340630","bus_stop","603","transport","0101000000243CEB64BA6B41C08F0475255D4E1CC0"
"2635340631","bus_stop","603","transport","0101000000F14009D8B36B41C02CE45B69634E1CC0"
"2635341171","bus_station","Terminal Miramar - Linha 402","transport","010100000087E354C61A6B41C0199F138C947F1CC0"
"2635341843","bus_station","Terminal Cristo Redentor - 204, 208, 3200, 5204","transport","010100000038C76FC09D6F41C03E9D86037CAA1CC0"
"2666903443","bus_stop","PB Rio/Santa Maria","transport","01010000003EED4B91D77141C01EB97F76D1791CC0"
"2666903444","bus_stop","Rodoviária Santa Rita","transport","0101000000702AAD1ADF7141C0D02FA589D2791CC0"
"2666903445","bus_stop","Metro Transportes/Das Graças","transport","0101000000781673C6E67141C0D02FA589D2791CC0"
"2666903446","bus_stop","Reunidas Cabedelo","transport","0101000000666B7D91D07141C082A6CA9CD3791CC0"
"2678085966","taxi","Ponto de Taxi Praça Castro Pinto","transport","0101000000724573AE727041C0D3D1BBC2CC801CC0"
"3364653899","bus_stop","502 Torre","transport","01010000009D2F5118EF6B41C06254089A857C1CC0"
"3654699757","bus_station","Terminal Quadramares - Linha 203","transport","0101000000696E85B01A6941C0430D9535A0A41CC0"
"3950854317","bus_station","Terminal de Ônibus do Val Paraíso","transport","0101000000636765564A6C41C067F4FE9A07531CC0"
"3962688661","bus_stop","Plataforma 2","transport","0101000000C4F9E5DDA27041C0F15712EA33791CC0"
"3962688662","bus_stop","Plataforma 4","transport","0101000000BD6F7CED997041C04A22A06758791CC0"
"3962688663","bus_stop","Plataforma 3","transport","010100000063F9A9E0A67041C09361CBE149791CC0"
"3962688664","bus_stop","Plataforma 1","transport","0101000000FF644282987041C0222DDF443E791CC0"
"3965038357","bus_stop","Plataforma 5","transport","010100000042A4F0EA667041C00F53115D067A1CC0"
"6080516480","railway_station","Várzea Nova","transport","0101000000209A79724D7A41C09B4242EFE87A1CC0"
"6080516483","railway_station","Bayeux","transport","01010000001C00BBE4C97641C018EC866D8B821CC0"
"6122457532","bus_station","TERMINAL - HEITEL SANTIAGO","transport","010100000063DD2EEA497A41C048E757CE39AB1CC0"
"415521473","town","Bayeux","place","010100000028D4D347E07741C07B95C67949851CC0"
"603066977","city","João Pessoa","place","01010000000114234BE67041C0E0055B36847C1CC0"
"1080314863","village","Bebelândia","place","0101000000EAF9E472CD7A41C0F03FE88F1F501CC0"
"1379377553","locality","Cabo Branco","place","0101000000DA458776046641C0F4C308E1D1961CC0"
"2047083875","suburb","Parque Verde","place","01010000006279A1CA7A6C41C052E45AFE8D5F1CC0"
"2047083889","suburb","Jardim América","place","0101000000A7391ED8966C41C05156C2C9EC4A1CC0"
"2047083895","suburb","Salinas","place","0101000000A45588A29B6D41C0AF99D76C405F1CC0"
"2047083905","suburb","Renascer","place","01010000004141CEA0466D41C04B1DE4F5604A1CC0"
"2047083908","suburb","Parque Esperança","place","010100000080739021116D41C099507754EB531CC0"
"2047083922","suburb","Morada Nova","place","01010000004D5F741EBA6C41C010ABE408BE5E1CC0"
"2047083928","suburb","Amazônia Park","place","0101000000BAD683EE376D41C0D23F1C7FFD3B1CC0"
"2052086002","suburb","São José","place","0101000000F3C418FD0D6C41C0A391CF2B9E6A1CC0"
"2052088882","suburb","Cabo Branco","place","0101000000CF914BD2EB6841C0EE2D9BEF968A1CC0"
"2052088883","suburb","Tambaú","place","01010000006F682508B26941C0AA57DB5E1C761CC0"
"2052088884","suburb","Manaíra","place","0101000000A8EA7992CF6A41C03C1B4D897F6B1CC0"
"2052088885","suburb","Altiplano Cabo Branco","place","010100000020E39BB7FB6941C09D966945E5881CC0"
"2268329515","suburb","Cuiá","place","01010000004F58E201656E41C084786EEBB8BB1CC0"
"2268329516","suburb","Costa e Silva","place","010100000017D0B0BDBB7241C0B838CF7DDEB91CC0"
"2268329517","suburb","Muçumagro","place","01010000001FF1D01CFE6A41C0974E907D35DC1CC0"
"2268329518","suburb","Paratibe","place","0101000000B60B72BCA76A41C00F266A0EB5D21CC0"
"2268329519","suburb","Funcionários","place","010100000072A8DF85AD7141C0B4D83741E5B91CC0"
"2268329520","suburb","João Paulo II","place","01010000001C94D519847041C065F789A82EB51CC0"
"2402983902","suburb","Tibiri","place","0101000000832F4CA60A7C41C02C836A8313991CC0"
"2268329521","suburb","Valentina Figueiredo","place","0101000000FA59D18B7F6C41C0DEEBFF779FCE1CC0"
"2268329522","suburb","Barra de Gramame","place","01010000000641ECF1E76741C0899B53C900E01CC0"
"2268329523","suburb","Planalto da Boa Esperança","place","010100000077D66EBBD06D41C01370BEC74FC91CC0"
"2268329524","suburb","Gramame","place","0101000000D73ACCF2D07041C084BE4FB05AD41CC0"
"2268329525","suburb","Ernani Sátyro","place","0101000000B35252712D7241C0E3D3ADE820B11CC0"
"2268329526","suburb","Bairro das Indústrias","place","010100000013F4177AC47541C00FA03AB1E2B71CC0"
"2268329527","suburb","Jardim Aeroporto","place","0101000000CDD3145C077841C092B30B61908F1CC0"
"2268329528","suburb","Distrito Industrial","place","01010000004E000F56AD7441C0E5AAC31BE3C41CC0"
"2268329530","suburb","Grotão","place","01010000001544937A057141C08E548440D3BF1CC0"
"2268329533","suburb","Mussuré","place","0101000000F89EDB95A77641C019969A9889D51CC0"
"2268329536","suburb","Mumbaba","place","0101000000C59338865B7841C0AEA5DB6D72B31CC0"
"2268329538","suburb","Ernesto Geisel","place","0101000000DBD5500F766F41C066B50AAC2DB61CC0"
"2268329780","suburb","Baralho","place","0101000000082A99524D7341C0C733C3A1127A1CC0"
"2268329781","suburb","Sesi","place","01010000001036864A6D7541C01EE9C2FEA17F1CC0"
"2268330856","suburb","São Bento","place","01010000002009FB76127441C00076C993FF7C1CC0"
"2268756747","suburb","Costa do Sol","place","0101000000BCDE477F796841C09F98501C9BB81CC0"
"2268756751","suburb","Cidade dos Colibris","place","0101000000D67A7544746C41C00B3E721019A31CC0"
"2268756754","suburb","José Américo","place","0101000000DE4724C09F6D41C08E9F7C30DFB01CC0"
"2268756757","suburb","Jardim Cidade Universitária","place","0101000000F76173C4106B41C03493B943D49E1CC0"
"2268756760","suburb","Jardim São Paulo","place","0101000000426B346F8B6C41C09875B5CB6D991CC0"
"2268756763","suburb","Anatólia","place","0101000000D81F7244086C41C048D9C7AFC4981CC0"
"2268756766","suburb","Bancários","place","010100000083386AE0A26B41C024100AA58A951CC0"
"2268756769","suburb","Mangabeira","place","01010000002DEDD45C6E6B41C0620F92AA92AD1CC0"
"2268756772","hamlet","Cidade Verde","place","0101000000DCD440F3396A41C0633035F8B1B81CC0"
"2268756775","suburb","Penha","place","0101000000371F3240FD6541C04A01B38C1EA91CC0"
"2268756779","suburb","Portal do Sol","place","010100000045AEE5DF786841C09F24B8EC6B981CC0"
"2268756782","suburb","Água Fria","place","01010000003F0114234B6D41C0B57691F8CB9D1CC0"
"2276146527","suburb","Cristo Redentor","place","01010000006B042C03187041C002EBDDC435A31CC0"
"2276148289","suburb","Centro","place","01010000002B082F0B377141C04820144A157B1CC0"
"2276150698","suburb","Jaguaribe","place","010100000037CA5587377041C0108B620333881CC0"
"2276151581","suburb","Cruz das Armas","place","0101000000805FC88F9D7141C0624F96B5A8921CC0"
"2276152034","suburb","Torre","place","010100000002CCC694596E41C0A7D6B1005C7F1CC0"
"2277353333","suburb","Bessa","place","010100000045D61A4AED6B41C04A6249B9FB441CC0"
"2277363331","suburb","Brisamar","place","0101000000B7C2AA306C6B41C06C6924F895751CC0"
"2277363334","suburb","Tambauzinho","place","010100000025CE8AA8896C41C0E8610DBCFF7C1CC0"
"2277363335","suburb","Rangel","place","0101000000B7932D37BD6F41C0E696B1FC54981CC0"
"2277363355","suburb","Varadouro","place","0101000000793E03EACD7141C01DACFF7398771CC0"
"2277363356","suburb","Bairro dos Estados","place","010100000068F228F0A96D41C0A38F9EC7CD751CC0"
"2277363357","suburb","Miramar","place","0101000000AC9223F83A6B41C05CCD959C6E7C1CC0"
"2277363358","suburb","Tambiá","place","010100000017409D972F7041C069F926F2C9771CC0"
"2277368532","suburb","Jardim Oceania","place","01010000003F975FBCD56A41C089B9FF232E531CC0"
"2277368536","suburb","Aeroclube","place","01010000005C48765BD86B41C0FDB50600D8521CC0"
"2345145388","suburb","Mário Andreazza","place","01010000009C6C0377A07641C0B11AA6118E941CC0"
"2345145389","suburb","Jardim Veneza","place","01010000009AE3816D697441C0AD9FA3FA73A61CC0"
"2345145390","suburb","Brasília","place","0101000000BF4F0B14677741C00E12A27C41831CC0"
"2345145391","suburb","Jardim São Severino","place","0101000000CCC86A042C7741C06925636B6C7D1CC0"
"2345145392","suburb","Rio do Meio","place","0101000000B9D3E7B4B87741C067C3503D888B1CC0"
"2345145393","suburb","Alto da Boa Vista","place","0101000000F3D2A81B837841C085DE2C6F58841CC0"
"2345145394","suburb","Comercial Norte","place","0101000000CB3967FADB7541C027B1B508D69A1CC0"
"2345145395","suburb","Imaculada","place","0101000000807F4A95287641C0CE667A2EF8891CC0"
"2345145396","suburb","Jardim São Vicente","place","01010000008586B47C137641C0D9CAF044B5851CC0"
"2345145397","suburb","Centro","place","010100000042E90B21E77641C0BD8BF7E3F6831CC0"
"2345145398","suburb","Alto do Mateus","place","0101000000621B4C1EAA7441C0D1D9B8B4D08C1CC0"
"2345145399","suburb","Tambay","place","0101000000F1D01CFE3F7841C05D250E8FB37F1CC0"
"2374053554","suburb","Ilha do Bispo","place","0101000000864C439E6E7341C07302E49535831CC0"
"2374053556","suburb","Oitizeiro","place","0101000000DB368C82E07241C08B6CE7FBA9A11CC0"
"2374206605","suburb","Alto do Céu","place","0101000000A8F68EBF596E41C050357A3540611CC0"
"2374206609","suburb","Roger","place","01010000008688409A567041C0D720826044711CC0"
"2374218458","suburb","Bairro dos Ipês","place","0101000000C6D33C91716D41C0DFBD480D12671CC0"
"2374231539","suburb","Mandacaru","place","01010000007ED23F77386E41C0A248522D7D6B1CC0"
"2374231540","suburb","Padre Zé","place","01010000009479F53B5E6F41C0252B757FAB6B1CC0"
"2374231541","suburb","Treze de Maio","place","010100000043119C44CE6E41C0C71EEBF362721CC0"
"2374292828","suburb","João Agripino","place","01010000007E9065C1C46B41C0004E94298B6F1CC0"
"2374292829","suburb","Pedro Gondim","place","0101000000058BC3995F6C41C0AC51B41776751CC0"
"2374297980","suburb","Expedicionários","place","0101000000A4CBF67C286D41C0836E2F698C7E1CC0"
"2374334273","suburb","Trincheiras","place","0101000000CAADA470987141C0EE6AA807BB7F1CC0"
"2374411437","suburb","Castelo Branco","place","01010000004A5C6CFF6F6C41C07C8C03F923861CC0"
"2534871521","hamlet","Engenho Velho","place","0101000000ADFC8DD1957241C04725D0BB0CD21CC0"
"2537420742","hamlet","Cidade dos Funcionários","place","0101000000FE28EACC3D7241C04B1E4FCB0FA41CC0"
"2537420744","hamlet","Jardim Planalto","place","0101000000E99C9FE2387341C067E84427F0A31CC0"
"2539916543","hamlet","Vale das Palmeiras","place","01010000006EDDCD531D7141C05505590520A41CC0"
"2545756162","hamlet","Vila dos Pescadores","place","0101000000C9C04BBA776641C0C65FA46142AE1CC0"
"2546272902","hamlet","Colinas do Sul","place","0101000000EA7184B12A7141C0BB9C121093C81CC0"
"2576270977","hamlet","Colinas do Sul II","place","0101000000C0ACF5EA886F41C0DFD7ED5811D21CC0"
"2576270980","hamlet","Residencial Irmã Dulce","place","010100000071F783CB746F41C0C95C740D8ECD1CC0"
"2576285056","hamlet","Mangabeira II","place","010100000051DD5CFC6D6B41C006D50627A2B71CC0"
"2576285057","hamlet","Mangabeira III","place","0101000000AB69CD45326C41C01455641987B71CC0"
"2576285058","hamlet","Mangabeira IV","place","0101000000255580947D6B41C0F0124141CEC01CC0"
"2576285059","hamlet","Nova Mangabeira","place","010100000066930DB5B76A41C0134FD1EC15C91CC0"
"2614976115","hamlet","Campina","place","0101000000A294B5F2377041C06C58F89FA1E41CC0"
"2614976118","hamlet","Caxitu","place","0101000000B63984E0A77441C01730DC14EAE41CC0"
"2614976120","hamlet","Cedro","place","0101000000179AEB34D27341C064288293C8E91CC0"
"2614976126","hamlet","Guaxinduba","place","0101000000D37602507B6B41C04A3261EA9DF81CC0"
"2614976136","hamlet","Mituaçu","place","0101000000DCF9D9232F6F41C0E1D39CBCC8EC1CC0"
"2614976138","hamlet","Oiteiro","place","0101000000E072ABD6786D41C0047C6DECC8EF1CC0"
"2614976156","hamlet","Tesoura","place","01010000006B5D0FCB0B7141C0288C1CD8E0EB1CC0"
"2617375130","hamlet","Alto do Contorno","place","0101000000A95615D0FA7841C0213427D4787E1CC0"
"2617375131","suburb","Bairro do Açude","place","01010000002717BE19907C41C06DDB4136DA831CC0"
"2617375133","hamlet","Bela Vista","place","0101000000E07DFA74E17941C00FF6813F577E1CC0"
"2617375134","hamlet","Boa Vista","place","0101000000A2B77878CF7941C0F85BF1C3F7841CC0"
"2617375142","hamlet","CEHAP II","place","0101000000ABF69FEBB17B41C0DB08D517539A1CC0"
"2617375146","hamlet","Castro Pinto","place","01010000000F94803DCB7941C0D67844E0A3A11CC0"
"2617375154","hamlet","Cirne I","place","0101000000A30D7679297C41C01FC484871F921CC0"
"2617375163","hamlet","Comercial Tibiri","place","010100000027817280057C41C0A3AAAEE87B921CC0"
"2617375175","hamlet","Dois Irmãos","place","0101000000A26DEB5D727941C0BDBE7BECD3761CC0"
"2617375179","hamlet","Engenho Santo Amaro I e II","place","01010000000613DACDE77941C0A2050DA25A791CC0"
"2617375183","hamlet","Fernando Santiago","place","0101000000F9B8DB9A197C41C0A977A7F1C1891CC0"
"2617375185","suburb","Heitel Santiago","place","01010000009F1CAACE0F7A41C0A785DC56C4A21CC0"
"2617375187","hamlet","Jardim Europa I","place","0101000000C92E62E98D7A41C0DB08D517539A1CC0"
"2617375188","hamlet","Jardim Europa II","place","01010000006DC438245A7C41C0B68C2F359D901CC0"
"2617375189","hamlet","Jardim Faixa Alegre","place","0101000000B0A7C244287841C053C59E87247C1CC0"
"2617375190","hamlet","Jardim Miritânia","place","01010000005B3C612E4E7C41C0B31C322FD1821CC0"
"2617375194","hamlet","Loteamento Heitel Santiago I e II","place","01010000007C4CFFED0D7B41C04568041BD7A71CC0"
"2617375197","hamlet","Loteamento Heitel Santiago","place","0101000000D894D002597A41C0E8267B95C6A91CC0"
"2617375203","hamlet","Loteamento Tibiri II e III","place","0101000000E21FB6F4687C41C07ED1D4A1897E1CC0"
"2617375208","hamlet","Paraíso Tropical","place","010100000008B364E99E7C41C0330285D5B39B1CC0"
"2617375211","hamlet","Planalto Tibiri I","place","01010000005501ADAF647B41C0A2F14410E7A11CC0"
"2617375212","hamlet","Planalto Tibiri II","place","010100000083E96AE1687A41C0E35AA3D4149F1CC0"
"2617375213","hamlet","Planalto de Santa Rita","place","0101000000691CEA77617941C0ADE584BF15871CC0"
"2617375214","hamlet","Portal de Santa Rita","place","01010000008B1E53D21E7A41C0D1306B18F4A41CC0"
"2617375215","hamlet","Portal do Paraíso","place","01010000001FBAA0BE657B41C092F1834E63961CC0"
"2617375217","hamlet","Privê Aeroporto","place","01010000005C2A25BA1D7941C0E312EC6415A31CC0"
"2617375219","hamlet","Sol Nascente","place","0101000000AB8ABA206C7C41C0A8BE98D29FA21CC0"
"2617375221","hamlet","São Judas Tadeu","place","0101000000556D927AAA7A41C0357D76C075851CC0"
"2617375223","hamlet","Vale de Santa Rita I e II","place","0101000000AB8ABA206C7C41C0C8AA52C433AA1CC0"
"2617375224","suburb","Várzea Nova","place","0101000000A34FF5752A7A41C0AABE4E45857D1CC0"
"2617375225","hamlet","Áurea Ribeiro","place","0101000000105432A59A7B41C03E1757A6A98F1CC0"
"2771230877","hamlet","Bairro dos Novais","place","01010000006E8F392A927341C06431FB86D39B1CC0"
"2791614741","hamlet","Jacarapé","place","0101000000C7478B33866841C028F96C78D5C61CC0"
"2956762417","hamlet","Alto Roger","place","01010000008E098C50C77041C0AD2E4C4B51731CC0"
"2956762418","hamlet","Baixo Roger","place","01010000009FD85427B17041C0D07CCEDDAE6F1CC0"
"3004602799","suburb","Ponta do Seixas","place","0101000000A439B2F2CB6541C0A66C472701A01CC0"
"3217713796","suburb","Distrito Mecânico","place","0101000000B9725188DB7141C0A21232EB20821CC0"
"3357855293","suburb","Mata do Buraquinho","place","0101000000A26AAADD656E41C0606D31E47D911CC0"
"3616191114","hamlet","Cidade Verde 1ª Etapa","place","010100000092F01879B47641C0CFC18E5ABCB31CC0"
"3616191115","hamlet","Cidade Verde 2ª Etapa","place","0101000000C813F70E6D7741C01C52561D83B71CC0"
"3623533357","hamlet","Distrito Industrial de Mangabeira","place","01010000005EC60380196941C01BE8EB4328A81CC0"
"4708771389","locality","CCEN - Centro de Ciências Exatas e da Natureza","place","01010000007D1C72D8226C41C06C448BC7A08E1CC0"
"1957132654","police","Polícia Civil","poi","0101000000E783AFF9026C41C03C90AB47D0661CC0"
"1993173430","school","Escola Estadual de Ensino Fundamental João Roberto Borges de Souza","poi","0101000000165E937F776B41C02A8BC22E8AB61CC0"
"1993173435","hotel","Pousada Bandeirantes","poi","0101000000659F11B6E96B41C0ADF47FB339BB1CC0"
"1999695093","attraction","Ponta do Seixas","poi","01010000005A51DE228B6541C0671BC92FCD9E1CC0"
"2014592884","bakery","Padaria Pão da Praia","poi","01010000004F029B73F06941C0B691A1197A7A1CC0"
"2014592886","convenience","Verde Fruit","poi","0101000000ACDFF192A46941C0481BA26538791CC0"
"2014595894","restaurant","Parmegiana","poi","01010000001804FB54BA6941C011233ABA00721CC0"
"2014596909","convenience","Loja de Conveniencia","poi","0101000000DDCB22B9A16941C0D59233B9BD711CC0"
"2022090810","hotel","Hotel Caiçara Best Western","poi","0101000000EE9D2C10986941C0E110058E5F731CC0"
"2022114793","fast_food","Laça Burger","poi","0101000000C3A11232EB6941C03EB901FAD8701CC0"
"2022251371","fast_food","Cantina de Seu Biu","poi","010100000017B435C75E6D41C048533D997FA41CC0"
"2022369594","bakery","Panificadora Flor do trigo","poi","0101000000B8DD150B8D6941C0FE5CD9AAC9701CC0"
"2051838618","bar","Cia do Chopp","poi","0101000000A94A00A3706941C01F285C3409731CC0"
"2051840529","bank","Bradesco","poi","0101000000ADE6EF94C46941C01CE846FD9A711CC0"
"2051846080","nightclub","Zodiaco","poi","0101000000A51309A69A6941C0448B6CE7FB711CC0"
"2051846671","bar","Emporio Café","poi","010100000017D11B936A6941C08DDAB39DA5721CC0"
"2052041597","restaurant","Adega do Alfredo","poi","0101000000BE34A039466A41C00B6366FA806B1CC0"
"2052042204","restaurant","Apetitto Tratoria","poi","0101000000CAA1EAFC806941C03D0D18247D721CC0"
"2052042388","restaurant","Mediterraneo","poi","01010000001C0A9FAD836941C0C3013E8919731CC0"
"2052042464","restaurant","Peixada do Duda","poi","0101000000CE63DEF4786941C07D3782F9D0721CC0"
"2052191813","restaurant","Fri Berg Sorveteria","poi","0101000000522C126E8D6941C0BBB0DAA106701CC0"
"2052197138","restaurant","Osaka Restaurante Asiático","poi","01010000005B012AC1876941C068525447D8711CC0"
"2106594984","restaurant","Gulliver Praia","poi","01010000003B29DDA7F46641C08E63DAED69951CC0"
"2537415384","library","IHGP - Instituto Histórico e Geográfico Paraibano","poi","01010000002EE57CB1F77041C0313894EBB7781CC0"
"2543981421","viewpoint","Hotel Globo","poi","01010000008FF51E78C67141C07CAC2A453C731CC0"
"2630657422","restaurant","Vila Cariri","poi","0101000000A3AF20CD586B41C0769373BDC8671CC0"
"2630667490","bar","Golfinho Bar e Restaurante","poi","01010000000B7F86376B6A41C005227A0899521CC0"
"2631202026","supermarket","Supermercado Pão de Açúcar - Retão de Manaíra","poi","0101000000AA3011CA566B41C0B7E3970BA6631CC0"
"2631225417","bakery","Panificadora Alvorada","poi","0101000000E7B5C82C316B41C0D4539A83564E1CC0"
"2633812567","bar","Bessa Grill","poi","0101000000B3DB1D087F6B41C05A3AD5100B431CC0"
"2658100358","bank","Santander","poi","01010000004DE03197AF6941C0214FDC3BB4711CC0"
"2658100593","bank","Caixa Econômica Federal","poi","01010000006E484849B46941C07CCCAC4AC7711CC0"
"2658667750","restaurant","Restaurante Domani","poi","010100000096630D72726C41C053A1702CDE961CC0"
"2671290609","hotel","Hotel ibis João Pessoa","poi","010100000049545EE1136841C0686F95CC56931CC0"
"2677362197","bank","Banco do Brasil","poi","01010000006CB1DB67956E41C033FAD170CAAC1CC0"
"2678074115","courthouse","Fórum Criminal Ministro Osvaldo Trigueiro de Albuquerque Melo","poi","01010000002DCE18E6047141C0AE765E74C3801CC0"
"2678170998","bakery","Padaria Senhor dos Passos","poi","0101000000A01C6041F56F41C0E22B706880891CC0"
"2678741385","bank","Santander","poi","010100000036CAFACDC47141C0F5DFDE90A1761CC0"
"2678749782","university","Faculdade de Ciências Médicas da Paraíba","poi","01010000004654F2FB487141C06E7C372740761CC0"
"2678753524","school","Instituto João XXIII","poi","010100000080F4A853797041C0022A1C412A751CC0"
"2681582442","bar","Bá do Zé","poi","01010000005473B9C1506B41C024534F30AD671CC0"
"2681583080","post_office","Correios - Manaíra","poi","0101000000832FF1EC976B41C06045FC7909641CC0"
"2693191783","comms_tower","TIM","poi","010100000027BAD3426E6E41C02ECC9DF419AB1CC0"
"2693195861","comms_tower","TIM","poi","01010000005F2E3DF5A36B41C05FD9603CDE871CC0"
"2695733548","mall","Manaíra Shopping","poi","01010000005CB11AA6116C41C0BF0E9C33A2641CC0"
"2731878958","bar","Bar do Borba","poi","01010000000893E2E3136C41C0DFD627CAEF961CC0"
"2789542912","supermarket","Bom Preço - Epitácio","poi","010100000034F790F0BD6D41C05E7C7665BC7A1CC0"
"2793874689","restaurant","Novo Oriente","poi","0101000000E34E8EA78A6B41C0564F41D9EF941CC0"
"2793896922","car_dealership","Seminovos Localiza","poi","0101000000F4F0AF2F236C41C097F7DD19126C1CC0"
"2809833347","car_rental","Aeroporto João Pessoa","poi","0101000000F7C4DF9B4B7941C0934550EBEC921CC0"
"2816162024","police","Policia Estadual","poi","01010000005B1F7B62426B41C033AFD980BEE31CC0"
"2838290900","bank","Santander","poi","01010000001F3CC90C0A7141C07678BE558D7C1CC0"
"2838296427","bank","Banco do Brasil","poi","0101000000F2D885D50E7141C052521674317C1CC0"
"2838299416","hotel","Hotel Guarany","poi","010100000028BBF48A027141C0ABCA63720F7E1CC0"
"2846396838","hospital","Complexo Hospitalar Mangabeira - Trauminha","poi","0101000000C8C4F70F336B41C08E90268348B31CC0"
"2847348199","bookshop","Livraria Paulos","poi","01010000003C5D273FF37041C0181C6F3CE9761CC0"
"2847352846","car_dealership","Shopping dos Automoveis","poi","01010000009D4CDC2A886C41C07C1AE6BADF5F1CC0"
"2884646402","police","Delegacia do Turista","poi","0101000000F66E3D54646941C0D9017C5CC0701CC0"
"2885794674","supermarket","HIper Bompreço Lagoa","poi","01010000005DD3CD0F6D7041C0371EC76A4E791CC0"
"2885813044","bank","Banco Itaú - Epitácio Pessoa","poi","0101000000F7BF6DB76E6D41C0BCC161B36D7A1CC0"
"2885820548","bank","HSBC - Epitácio Pessoa","poi","01010000006DCDB117656D41C0C9EB1C5E6B7A1CC0"
"2885821955","bank","Caixa Econômica Federal - Epitácio Pessoa","poi","0101000000D34CF73AA96D41C0F74663A3627A1CC0"
"2902104297","library","Arquivo Eclesiástico","poi","01010000009075278EF27041C0530F875BF4741CC0"
"2902104298","museum","Centro Cultural São Francisco","poi","0101000000875E903EF77041C05704A4A256751CC0"
"2928661443","hotel","Igatu Praia Hotel","poi","0101000000D1162186676941C045F12A6B9B821CC0"
"2929096280","hotel","Ambassador Flat","poi","01010000000FBA84436F6941C0A9CD4939A9811CC0"
"2929096281","hotel","Littoral Hotel","poi","0101000000D4539A83566941C0E8C479933A841CC0"
"2929096282","hotel","Nord Luxxor Cabo Branco","poi","0101000000510B6F206E6941C06F6D3C331C821CC0"
"2929096283","hotel","Nord Ondas do Atlantico","poi","0101000000F1F9BC3D636941C033F9669B1B831CC0"
"2929149343","restaurant","Olho de Lula","poi","0101000000C2CBC28D4A6941C064F492B53C851CC0"
"2936706413","restaurant","Mamma mia","poi","0101000000E54350357A6941C0901150E108721CC0"
"2953642785","hotel","Trevo Motel","poi","0101000000F28E9D013F6E41C0DE77674870A61CC0"
"2979269525","sports_shop","BeloMania","poi","0101000000EBA05C644C6941C0CAF89C60A4741CC0"
"2997096965","bar","Rei da Fava","poi","0101000000EB025E66D86F41C02BEFF494E6A81CC0"
"3014288872","bank","Banco do Brasil","poi","010100000007126FF8386F41C07BFFD59931831CC0"
"3036281279","restaurant","Nonna Anaia","poi","01010000001F115322896941C005847B0A25701CC0"
"3168629423","supermarket","Mercadinho Bonopreço","poi","0101000000EE8A2A0D466E41C0C76EFA0ED9CB1CC0"
"3195908758","fast_food","Beijo de Goma Tapiocaria","poi","0101000000D1E57228E86A41C0344C6DA983941CC0"
"3273474543","clothes","Santa Lolla","poi","0101000000F0EB76AC086A41C0931CB0ABC9731CC0"
"3273481863","clothes","Glamour Noivas - Aluguel de Roupa","poi","0101000000C864CCB8046A41C00CC2267C00741CC0"
"3273492678","pharmacy","Farmaflora","poi","0101000000A4F0EA66906941C00B9A965819751CC0"
"3287977543","fast_food","Subway","poi","01010000006B11AC05516B41C0278D2CF41C5C1CC0"
"3297525207","community_centre","Chácara NBS","poi","01010000001BDE077B6E6A41C05036E50AEFDA1CC0"
"3299325869","bar","Bar do Lula","poi","0101000000C0A8EEDB5A6B41C092F1DE07D6671CC0"
"3299327903","fast_food","Empadinha do Barnabé","poi","0101000000CF23905C486B41C0A8A8FA95CE671CC0"
"3299329406","fast_food","Manaçaí","poi","0101000000F7178BF0406B41C02E3BC43F6C691CC0"
"3301687961","hospital","CLIM","poi","0101000000882F1345486F41C03B0B314DC77A1CC0"
"3304432519","restaurant","Peixada do Amor","poi","0101000000D14A1064F36541C071D701C6E9A21CC0"
"3358374082","library","Biblioteca Juarez da Gama Batista","poi","0101000000759ABB4C036C41C0F71E2E39EE7C1CC0"
"3358404045","theatre","Teatro Paulo Pontes","poi","010100000099582AB9D46B41C05FAEEA515D7D1CC0"
"3358404046","theatre","Teatro de Arena Leonardo Nobrega","poi","0101000000F5EA2D2F0A6C41C0BB7D5699297D1CC0"
"3358404047","cinema","Cine Bangüê","poi","0101000000FDE71F33066C41C011C248D4B07C1CC0"
"3358435966","museum","Museu José Lins do Rego","poi","01010000003F4FA84CD66B41C0B34291EEE77C1CC0"
"4547454076","bank","Santander","poi","0101000000A8A78FC01F6C41C049DE944D148C1CC0"
"3358446193","theatre","Sala de Concertos Maestro José Siqueira","poi","0101000000BDA4D6A0D46B41C04F3C670B087D1CC0"
"3358452135","bank","Santander","poi","010100000009617F23CB6B41C0E876E569AF7C1CC0"
"3358460339","bank","Banco do Brasil","poi","0101000000570740DCD56B41C07C1C171FB07C1CC0"
"3358496776","theatre","Praça do Povo","poi","010100000079EB5795D86B41C0F56FF2B62D7D1CC0"
"3358496777","post_office","Correios","poi","0101000000B4098BE5F16B41C011C248D4B07C1CC0"
"3358787123","hospital","Hemocentro da Paraíba","poi","0101000000D83E2EBB716F41C00762348694821CC0"
"3358917435","restaurant","Pinto no Balde Restaurante","poi","01010000001C7BF65CA66B41C0BB75487BCD7C1CC0"
"3364648826","convenience","Mercearia","poi","01010000006BA400ACE96B41C08008162C7A7C1CC0"
"3364648827","restaurant","Espaço do Sabor Restaurante","poi","0101000000E05229D1ED6B41C0FD29FAE8797C1CC0"
"3364648828","restaurant","Restaurante Nordestino","poi","0101000000705B00BFEB6B41C003E7316F7A7C1CC0"
"3364648829","stationery","Coisas & Trekos Papelaria e Presentes","poi","010100000073203537F06B41C0FD29FAE8797C1CC0"
"3368082064","community_centre","DETRAN","poi","010100000080AA1B391C6C41C0014C1938A06D1CC0"
"3373832096","doctors","Druvalina R. Lima de Paula - Psicóloga","poi","01010000007E344179C46B41C08D429259BD7B1CC0"
"3373832097","doctors","Kallina L. Chacon R. Brasil - Psicológa e Psicoterapeuta","poi","01010000009C7BFE6AC46B41C0229518BAC87B1CC0"
"3385414487","bakery","Panificadora Pan América","poi","01010000007C197BE5306B41C040715BB631691CC0"
"3417767966","bakery","Panificadora Pernambucana","poi","0101000000FD27243E1C7841C01583D1F6F9891CC0"
"3475307880","hairdresser","Claudio´s Cabeleireiro","poi","010100000079B361A81E6A41C081D657B2BE741CC0"
"3477771846","supermarket","Supermercado Tambaú","poi","010100000067086C73086A41C00A0044B060791CC0"
"3663470323","police","14ª Superintendência Regional de Polícia Rodoviária Federal","poi","0101000000610B8B9B646E41C0F4D83B48F4A71CC0"
"3773686523","police","4ª Delegacia de Policia","poi","010100000008E3A7716F6F41C0EA2285B2F0B51CC0"
"3773687572","school","Escola Municipal Fenelon Câmara","poi","0101000000C9CFA1670E6F41C0D9EFE42E1DB61CC0"
"3773703428","supermarket","Superbox Brasil - Geisel","poi","0101000000A779C7293A6F41C0EB6F09C03FB51CC0"
"3796963122","clothes","Closet da Carol","poi","0101000000EFD7AE1A956D41C099F1B6D26BAB1CC0"
"3814919886","university","UEPB - Campus V","poi","01010000002BC313D5B66F41C06023A4C920A21CC0"
"3824855716","nightclub","Pink Elephant","poi","0101000000C6B0790BDA6941C0D561E014B1831CC0"
"3824855717","mall","Pátio Altiplano","poi","0101000000D31EE516A96941C09CBA97A02B861CC0"
"3849747257","restaurant","Foot praia","poi","0101000000ECDADE6E496A41C059ECE52D0D6A1CC0"
"3927229533","bank","Banco do Brasil","poi","01010000001FD214A6947041C063D2DF4BE1811CC0"
"3957339780","pharmacy","Pbpharma Farmácia e Manipulção","poi","01010000001CA89DABF77041C05F9BE84E0B791CC0"
"3957350882","pharmacy","Drogasil - Epitácio Pessoa","poi","0101000000EFE53E390A6B41C0A82913C8367A1CC0"
"4084724789","bar","Bar do Contorno","poi","0101000000A94D9CDCEF6C41C098A02BB6EE8B1CC0"
"4243260590","hospital","USF da Penha","poi","0101000000DF4B8688406641C00D06329644A91CC0"
"4270822392","fire_station","Corpo de Bombeiros","poi","0101000000DAEF3FE88F6A41C08231C797F5A71CC0"
"4317663619","park","ONG Guajiru - Tartarugas Urbanas","poi","0101000000B60F79CBD56B41C00A44F410323D1CC0"
"4317672791","hospital","Unimed","poi","0101000000FE86E4BF9B6D41C02035DC3642851CC0"
"4346683191","guesthouse","Casa Firmino","poi","010100000040B50B17036C41C061CF8D9F7C481CC0"
"4348629989","pub","Borrachudo","poi","0101000000A9633A19C16B41C04A592B7F63441CC0"
"4355754400","community_centre","csu","poi","010100000017CEDA125E6F41C039984D8061B91CC0"
"4356713903","fast_food","Habib's","poi","0101000000D97745F0BF6B41C0F65BE0979F981CC0"
"4364211489","shelter","E BT JPA Lm claro","poi","0101000000ABABA7FBA56E41C0B317C04AF4681CC0"
"4365995813","fast_food","Britus Burguer","poi","0101000000AF09698D416F41C01658B6C5EBB81CC0"
"4365997645","bakery","Panificadora Santa Barbara","poi","01010000005049E70D416F41C0038AA251CBB81CC0"
"4370470189","convenience","ll conveniência","poi","0101000000A3810EA9586C41C0AD0782B68BBF1CC0"
"4393707489","restaurant","Appetito Trattoria","poi","01010000002ED7EC92826941C02299C40F84721CC0"
"4398397369","fast_food","Subway","poi","0101000000076F59CF5A6B41C0508072254C9A1CC0"
"4398397370","hospital","Unimed","poi","01010000006D85FAA7656B41C036035C902D9B1CC0"
"4398402597","bar","Privilege Music Bar","poi","0101000000D5E940D6536B41C01805C1E3DB9B1CC0"
"4398402598","fast_food","Açaí Do Chef","poi","0101000000800C1D3BA86B41C03760A120C2991CC0"
"4398402599","school","Yazigi","poi","010100000062C6CA1E576B41C042542B5D0B9C1CC0"
"4398402601","supermarket","BeMais Supermercados","poi","010100000020D9B7EE416B41C0F16261889C9E1CC0"
"4398402602","restaurant","Pizzaria do Paulista","poi","01010000001E0714A05C6B41C0EB8B84B69C9B1CC0"
"4398402603","supermarket","Todo Dia","poi","0101000000048D3E8B4A6B41C0FFB4AC56819D1CC0"
"4398402605","school","Colégio Século","poi","0101000000FB2DF0CB4F6B41C0A65E5C4F199C1CC0"
"4406292969","bakery","Panificadora & Lanchonete Cardozo 2","poi","0101000000E751F17F476A41C02794CF3CCAAA1CC0"
"4406293304","supermarket","Mercadinho São Jorge","poi","0101000000569F06674B6A41C0A868F68AB8AA1CC0"
"4434443590","restaurant","Maison Filipeia","poi","0101000000E8137992746841C03755F7C8E69A1CC0"
"4436275889","furniture_shop","BENTEC","poi","010100000091C88855CD6B41C0684293C4927A1CC0"
"4436923351","school","Escola Municipal de ensino Fundamental Hugo Moura","poi","010100000070B6B9313D6F41C0047BA75DA76C1CC0"
"4449486284","restaurant","Pizzaria Veneza","poi","0101000000503F0345876B41C060B01BB62D9A1CC0"
"4449503702","sports_centre","Acadêmia da Saúde","poi","01010000005D91F359F96B41C0BDAAB35A60971CC0"
"4473804926","restaurant","Kital Temaki","poi","010100000023A46E675F6B41C06176AAD7889B1CC0"
"4473888797","fast_food","Bob's Burguers","poi","01010000005DF86640626B41C0C9B6C2AA309C1CC0"
"4474447389","restaurant","Oi Pizzaria","poi","0101000000D6E6FF55476D41C086CD5BD0D6AC1CC0"
"4474447489","supermarket","Bemais","poi","010100000052CAB5B28E6C41C0215A2BDA1CA71CC0"
"4508638691","chalet","Empreendimento em Construção","poi","0101000000A5164A26A76841C0A6AF8CB2239A1CC0"
"4508713089","attraction","Igreja N.Sra.das Neves","poi","0101000000AD6C1FF2966C41C0187728AF3AC71CC0"
"4509652132","fast_food","Suprema Lanches","poi","01010000009D54EA48E46C41C0FE2C9622F99A1CC0"
"4509948923","pharmacy","Drogasil","poi","01010000003D51C8844E6B41C08F9C9669459D1CC0"
"4509957724","fast_food","Cachorro Quente do Monaci","poi","01010000009CDEC5FB716B41C0E801E264D19A1CC0"
"4514531893","bank","Itaú","poi","01010000004EA2B9A9DC7041C016B0D3FEBD7A1CC0"
"4519240574","restaurant","Casa do Cupim e Casa da China","poi","0101000000A3AF20CD586B41C00EAA6807B7A81CC0"
"4520982751","newsagent","Banca Maia","poi","01010000007B3CE3B1556B41C0514F1F813F9C1CC0"
"4521932329","car_dealership","Mascarenhas Pneus","poi","0101000000C1AFECDD7A6B41C0239CBB02769A1CC0"
"4521944680","supermarket","BEMAIS Supermercados","poi","0101000000FE63213A046C41C0410C74ED0B981CC0"
"4521948843","supermarket","Carrefour","poi","01010000003D1460B3B76C41C085741D4F70961CC0"
"4547438247","bar","Barraco Democrático","poi","0101000000921FF12BD66B41C0D360BFCC1C971CC0"
"4547445573","bank","Caixa Econômica Federal","poi","010100000046EFAF79B06B41C01825E82FF4981CC0"
"4550004971","bar","Boteco da Cerveja","poi","0101000000CA1242ACA36B41C0232CCF2802991CC0"
"4551385282","bar","Bar do Guerreiro","poi","0101000000163A6524316C41C06B56C73BD1971CC0"
"4551385283","school","Escola Municipal Lions Tambaú","poi","0101000000240791B17F6B41C043EF4394E59A1CC0"
"4551385284","restaurant","Pizzaria D'Nápoles","poi","0101000000FC7BDFAE4D6B41C0D8A436CC2BA21CC0"
"4551388809","department_store","Armazém Paraíba","poi","01010000009C429DA85B6B41C0191BBAD91FA01CC0"
"4554392694","optician","Fabio otica","poi","01010000008E3BA583F56B41C00D422F922C661CC0"
"4555555293","bank","Banco do Brasil","poi","0101000000C121AF624C6B41C05FD218ADA3A21CC0"
"4558685161","restaurant","Boteco da Fava","poi","01010000002598C51FA07141C03354200E6D7B1CC0"
"4562944089","gift_shop","Liv Bags","poi","01010000005953B4CDE86941C0DC61B8DF466F1CC0"
"4565074107","beauty_shop","Bellaliz","poi","01010000009E712BCE626E41C07854466D2C7A1CC0"
"4565808590","bank","CEF","poi","01010000008CFFF114286C41C07804DC9843571CC0"
"4568389698","hotel","HOTEL VILLAGE PREMIUM","poi","0101000000B8CEBF5DF66941C0D324C2D0347A1CC0"
"4572993594","hotel","ECCO HOTEL","poi","01010000000D874AC8AC6A41C0DC51F75C01581CC0"
"4573118389","hotel","Hotel Village Confort","poi","01010000003472CC689A6A41C08AFE7513216A1CC0"
"4587976961","restaurant","Macaxeira Sul","poi","0101000000291D5146016C41C050EF98709E981CC0"
"4593410584","bank","Banco do Brasil","poi","01010000003D26F7E05A6B41C0F6E7476870A81CC0"
"4593690249","furniture_shop","Miranda Móveis","poi","01010000006F3205C6556B41C0494BE5ED08A71CC0"
"4593700191","furniture_shop","Samsara Móveis","poi","0101000000F8713447566B41C06E9D24027AA61CC0"
"4593702866","optician","Óticas Mangabeira","poi","01010000004BB846BA556B41C0796E46729EA61CC0"
"4593765880","doctors","Laboratório Maurílio de Almeida","poi","0101000000FC4DCD8A4D6B41C012047E4397A61CC0"
"4593768858","doityourself","Central das Fechaduras","poi","0101000000C1D9F7F24C6B41C0E1A7604326A71CC0"
"4593768859","furniture_shop","Credimóveis Novo Lar","poi","0101000000F12F82C64C6B41C012B6E9190CA71CC0"
"4593771405","clothes","Blusas & Cia","poi","0101000000D9F62CBE576B41C0BACAC97A20A81CC0"
"4593773889","pharmacy","Redepharma","poi","0101000000D339F537576B41C0A8C1D952ACA71CC0"
"4593827293","shoe_shop","Casa Pio","poi","01010000002BA1606B5B6B41C067D47C957CAC1CC0"
"4593827294","furniture_shop","Kasa Decor","poi","01010000006462A9E4526B41C027CBFF9A62AC1CC0"
"4593827296","shoe_shop","Olindina","poi","01010000002F4FE78A526B41C02A7A3B1D23AC1CC0"
"4593831509","supermarket","BeMais Supermercados","poi","0101000000C89D2D7B6D6B41C0815369D5F8AE1CC0"
"4593831510","pharmacy","Pague Menos","poi","0101000000F0C572A6646B41C03571BC4C5EAE1CC0"
"4593831511","bakery","Panificadora Ideal","poi","0101000000E51DF175636B41C09467035548AE1CC0"
"4593839868","restaurant","Restaurante Popular","poi","01010000008DE66D11BD6B41C0B5D14A6B1DAE1CC0"
"4593839869","doctors","Unidade de Saúde da Família","poi","0101000000519A722ABE6B41C0FB9B06FB65AE1CC0"
"4593842058","school","E.E.E.F.M. Pedro Lins","poi","0101000000D5642195BD6B41C0BB4CA83BAAAD1CC0"
"4640080366","fast_food","Cantinho do Pastel","poi","0101000000ABB6F6990E6C41C0EC6B5D6A84961CC0"
"4640555529","fast_food","Kantinho do Betão","poi","0101000000C76BB98ECC6F41C040D01B38B1891CC0"
"4716858168","restaurant","Sakē Temakeria","poi","0101000000C9022670EB6B41C09323F83A04991CC0"
"4721452955","fast_food","Samburg Lanches","poi","0101000000A4198BA6B36C41C0978A32C0AA8F1CC0"
"4721452956","fast_food","Ecolanches","poi","0101000000C3C2A453B26C41C0C4C9A255D28F1CC0"
"4721452957","fast_food","Lanchonete do Cláudio (Vascão)","poi","0101000000B2D3B430B06C41C05973DB1901901CC0"
"4723391881","restaurant","Arte da Pizza","poi","0101000000736C98FCAA6B41C0289F7994A5991CC0"
"4725157491","hospital","Hospital São Luís","poi","01010000002F41576CDD7041C0155EDD0C92891CC0"
"4727950985","bank","Banco do Brasil","poi","010100000037195586716C41C0F446F7BD978C1CC0"
"4727950986","post_office","Agência de Correios","poi","01010000002F08F6A9746C41C0E29CC717A38C1CC0"
"4753511221","hairdresser","Studio Carol Leal","poi","0101000000A120C209966D41C025EDA1D865AB1CC0"
"4760971859","observation_tower","Torre de Controle","poi","0101000000008DD2A57F7941C0572D9F9BEC951CC0"
"4773711691","pharmacy","Drogaria Globo","poi","0101000000058E5FD3DE6F41C0A909EC7B1EB51CC0"
"4790807678","pharmacy","Farmácia Maia","poi","01010000008EC7B19A536B41C0CF5A1B74539C1CC0"
"4790808362","pharmacy","Extrafarma","poi","0101000000FE7A2A4C846B41C0FA545FA7A29A1CC0"
"4812641118","pharmacy","Drogaria Geisel","poi","0101000000264921DAD86F41C001A83D80A0B71CC0"
"4812641119","bakery","Padaria Nossa Senhora dos Prazeres","poi","0101000000F69672BED86F41C0292E7D9EF5B71CC0"
"4812641120","pharmacy","Farmária Francy","poi","0101000000A04FE449D26F41C0CF60F82DDFB71CC0"
"4812641321","pharmacy","Farmária Permanente","poi","01010000005B28999CDA6F41C0D21BEE23B7B61CC0"
"4812641322","pharmacy","Farmácia Pague Menos","poi","0101000000E0A293A5D66F41C0782975C938B61CC0"
"4812641323","restaurant","Veneza Pizzaria","poi","01010000003FD9DEB8D66F41C08382F7FAFFB51CC0"
"4812641324","school","JPI Idiomas","poi","010100000057917648D66F41C07FEDAA5159B61CC0"
"4869047321","travel_agent","Paraina","poi","010100000081D48107617041C02D776682E1741CC0"
"4879089922","restaurant","Lanchonete","poi","010100000020B825CD7A6D41C0CD78B6A228A31CC0"
"4879111323","school","Auditório","poi","01010000004458E8DE1E6D41C01998CBFC59A21CC0"
"4886483763","library","Livraria do IBGE","poi","0101000000531AD6F95C7141C0B2D3B430B07B1CC0"
"4889865525","supermarket","Supermercado Latorre","poi","010100000053A813758B6E41C0D6390664AF7F1CC0"
"4902171524","restaurant","Opção","poi","0101000000B29E5A7D757141C0F175638BEE7A1CC0"
"4927111127","restaurant","Capitão Farinha","poi","0101000000D3D457FC4B7041C0CFB238AD25861CC0"
"4978394191","cinema","Cine Sex Aquarius","poi","0101000000EDAB61759A7141C033C005D9B27C1CC0"
"4978394192","cinema","Cine França","poi","0101000000726E13EE957141C085436FF1F0761CC0"
"4978394193","cinema","Cine Sex América","poi","01010000001F7EA3C27D7141C0DD651AA8E7781CC0"
"4978394194","cinema","Cinesercla","poi","0101000000E2653C00987041C03D878D0D38761CC0"
"4978394197","cinema","Cinépolis - Manaíra Shopping","poi","01010000006F905A72266C41C0CBFF9A62C4641CC0"
"4978394198","cinema","Cinépolis","poi","01010000000C457012396A41C0A14ED42D96A51CC0"
"4978394199","cinema","Cinespaço João Pessoa","poi","01010000008BD18437B56A41C0512D228AC9631CC0"
"4985994329","restaurant","Boi Bumbar","poi","0101000000E542E55FCB6941C04C04053983721CC0"
"5002163440","bakery","Fino Nordeste","poi","010100000060FF1AB5677941C06E6B0BCF4B951CC0"
"5002188233","gift_shop","O Boticário","poi","010100000016139B8F6B7941C0C9FDB38B0E951CC0"
"5002188234","fast_food","Bob's","poi","0101000000C26A2C616D7941C0963FDF162C951CC0"
"5002188235","fast_food","Cacau Show","poi","0101000000C70DBF9B6E7941C041F6D5B03A951CC0"
"5002188236","clothes","Maralto Show","poi","010100000056945C0F707941C057772CB649951CC0"
"5002199221","fast_food","Tapiocaria","poi","0101000000CA0BFA1C697941C0806CEDD863951CC0"
"5002199421","fast_food","Subway","poi","0101000000FE124C906C7941C0DFD9C3036F951CC0"
"5002199423","clothes","Bodega Nordestina","poi","01010000003EF669CB6F7941C003322A5F86951CC0"
"5002199521","restaurant","Gonzaga's","poi","01010000005303722E6A7941C0648401953B951CC0"
"5002199522","bookshop","Livraria Cordel","poi","010100000054B3BDCC667941C0555458045A951CC0"
"5002217721","gift_shop","João de Barro","poi","0101000000AEED92DD717941C050B7FD3C57951CC0"
"5002219822","clothes","Semente Natural","poi","010100000089C9C0A6737941C0D8DFC8F264951CC0"
"5017835621","pub","Espaço mundo","poi","01010000002E967DB2BD7141C0E31F11AEDB731CC0"
"5067886255","bar","Parangolé Bar","poi","010100000054EB5800AE6B41C05F5738EE399D1CC0"
"5067898209","bar","Villa Universitaria","poi","0101000000314C5C7D2B6D41C055F25602CE9F1CC0"
"5067912383","school","Colegio Top","poi","0101000000D72F7D54686B41C06891ED7C3F9D1CC0"
"5113055925","post_box","TESTE","poi","0101000000BE0BA540B06D41C0DFD27B7434781CC0"
"5137094754","bar","BARBOSA DRINK'S","poi","01010000000FB6D8EDB36D41C06A9CF28D8D7D1CC0"
"5150894276","pub","Arena Grill","poi","01010000009C1A683EE76C41C0B5711F14EF8B1CC0"
"5159218824","restaurant","Café 17","poi","0101000000BE9877E62F7141C08A3A730F09771CC0"
"5169296857","monument","Cruzeiro","poi","0101000000982B28B1107141C05B70500CDA751CC0"
"5169296857","attraction","Cruzeiro","poi","0101000000982B28B1107141C05B70500CDA751CC0"
"5169296859","monument","Estátua de Augusto dos Anjos","poi","0101000000AA3AF592107141C05852938554761CC0"
"5169296859","attraction","Estátua de Augusto dos Anjos","poi","0101000000AA3AF592107141C05852938554761CC0"
"5169296860","museum","Academia Paraibana de Letras","poi","010100000075B169A5107141C060AE450BD0761CC0"
"5228109221","fast_food","Persia","poi","0101000000407CAA549A6941C0C4CDA96400701CC0"
"5239719387","bank","Bradesco","poi","010100000059A9FB5B5D6B41C0BFB44D96FF9D1CC0"
"5239719388","toy_shop","San Remo Baby","poi","01010000003B342C465D6B41C0478666E8E99D1CC0"
"5239729638","restaurant","Casa do Cupim e Casa da China","poi","0101000000429B77F75B6C41C0960A8563F1961CC0"
"5285170914","monument","Ode a Netuno","poi","01010000002CE22A05936B41C0C187B773065B1CC0"
"5285170915","monument","Grande O","poi","010100000021826044916B41C039094A76115B1CC0"
"5300015221","supermarket","Atlântico Sul","poi","0101000000490F43AB936A41C0FE54CB8C6DD01CC0"
"5310127322","bank","Itaú","poi","0101000000722145532C7141C068A15346127B1CC0"
"5310134023","fast_food","Subway Carrefour","poi","010100000003F51C47626C41C0944A7842AF571CC0"
"5312324504","attraction","Mausoléu do Presidente João Pessoa","poi","0101000000ADE012DB387141C019F4EF445A7C1CC0"
"5373722626","clothes","Cia do Corpo","poi","010100000085701640426A41C0B4D25A8759A61CC0"
"5373722627","jeweller","Vivara","poi","0101000000EED522FD516A41C00DB1B096F1A51CC0"
"5373722628","shoe_shop","Cia dos Pés","poi","0101000000CEEF45C5496A41C07B26457584A51CC0"
"5373722630","cafe","São Braz","poi","01010000000D18247D5A6A41C03E8166C691A51CC0"
"5373722631","department_store","Le Biscuit","poi","01010000001019A07E616A41C0E0F9A0C26CA51CC0"
"5373722632","optician","Diniz","poi","0101000000EF343E38446A41C0841266DAFEA51CC0"
"5373722633","bookshop","Leitura","poi","0101000000F138FBB9576A41C00E0B5AED06A61CC0"
"5373722634","clothes","Realce Surf Mar","poi","01010000001FED24C7426A41C06CFEA902FFA51CC0"
"5373722635","department_store","Marisa","poi","01010000004FD99F7A5A6A41C08AD7AB7E5BA61CC0"
"5373722636","supermarket","Americanas","poi","01010000009305A799496A41C08677144262A61CC0"
"5373722637","fast_food","Empadinhas Barnabé","poi","010100000062BA10AB3F6A41C092D49D8257A61CC0"
"5373722638","fast_food","Bob's","poi","0101000000FC7E202F5A6A41C063CC029255A61CC0"
"5373722639","restaurant","Chinatown","poi","0101000000B00A2F1C636A41C0D9AD0A79A9A51CC0"
"5373722640","fast_food","Burger King","poi","0101000000D384ED27636A41C05DEAD621EDA51CC0"
"5373726222","mobile_phone_shop","I Place","poi","0101000000C997AB7A546A41C03D34E2B842A61CC0"
"5373726224","mobile_phone_shop","Mobile2You","poi","0101000000749593F5406A41C0F970242B1AA61CC0"
"5373726225","optician","Rolim","poi","0101000000EBF93F2C406A41C0901C44C6FEA51CC0"
"5373726226","clothes","San Remo","poi","010100000057F8E92E3F6A41C0AF997CB3CDA51CC0"
"5373726227","jeweller","Sulabelle Jóias","poi","0101000000515898744A6A41C036A15A8EA1A51CC0"
"5373726228","fast_food","Habbib's","poi","0101000000B1AEC046486A41C0AB0C3E2883A61CC0"
"5373726229","restaurant","Sushi Bessa","poi","0101000000196AB9D8596A41C00E10711871A61CC0"
"5373726230","toy_shop","Game Station","poi","0101000000ED73C641536A41C063D8BC056DA51CC0"
"5373726231","fast_food","Doggis","poi","0101000000CFE451E0536A41C0E8DDB3098BA51CC0"
"5373726232","fast_food","Giraffa's","poi","0101000000E3C6889F5A6A41C0BC15D39684A51CC0"
"5373726233","restaurant","Divino Fogão","poi","0101000000A4B55840576A41C0D27943D087A51CC0"
"5373726234","fast_food","McDonald's","poi","01010000002D605D70616A41C05DC5E23785A51CC0"
"5373726235","bank","Caixa Aqui","poi","0101000000A3923A014D6A41C0FE463B6EF8A51CC0"
"5373727421","artwork","Galeria Rossiter Decor","poi","0101000000707DB328476A41C074C1CF6EE3A51CC0"
"5373727422","clothes","Perfil Moda Praia","poi","0101000000E9D66B7A506A41C0AB6FAAFFBDA51CC0"
"5373727423","fast_food","Subway","poi","01010000009ED2C1FA3F6A41C0BD9987026CA61CC0"
"5373727522","shoe_shop","Club Melissa","poi","01010000000D3DBDAD4F6A41C06EC6C4419DA51CC0"
"5373727523","fast_food","Quanto Prima","poi","0101000000BE62B25D466A41C0FE3273DC84A61CC0"
"5373727524","fast_food","Manaçaí","poi","010100000021A6E9584A6A41C07C04A33781A61CC0"
"5373731321","restaurant","Atlântico","poi","0101000000B8978FFF5D6A41C0A6B1625D81A51CC0"
"5373731421","restaurant","Jampa Grill","poi","01010000009BA84A00A37041C078465B9544761CC0"
"5373731422","fast_food","Burger King","poi","0101000000D2C77C40A07041C0BD9580F33D761CC0"
"5373731423","supermarket","Casa Tudo","poi","0101000000091BF9179C7041C07C1D82F45E761CC0"
"5373731621","fast_food","Empadinhas Barnabé","poi","010100000014D1AFAD9F7041C0540FE21467761CC0"
"5373869675","cafe","Varanda Café","poi","010100000027ABD84E4A6A41C09F550B9178A61CC0"
"5393721536","biergarten","PlayToy","poi","0101000000C564BB8CAC7041C0603AADDBA0761CC0"
"5393721537","fast_food","Bob's","poi","010100000072C284D1AC7041C0F9CBDD9D6B761CC0"
"5393721538","restaurant","Mimo Doce","poi","010100000090F5D4EAAB7041C0A9AB96CF4D761CC0"
"5393721539","fast_food","Mimo Doce","poi","0101000000026F3777AA7041C0B648DA8D3E761CC0"
"5393721540","restaurant","L'Amazônia","poi","01010000003A0A6BBEA57041C0753C66A032761CC0"
"5393727139","biergarten","Game Laser","poi","010100000020B3B3E89D7041C00B0A83328D761CC0"
"5393727140","fast_food","Manaçaí","poi","01010000003260240F9F7041C0F04284C99E761CC0"
"5393727141","fast_food","Tambiá Burguer","poi","0101000000B85F9912A47041C028A2BA14B2761CC0"
"5393727142","fast_food","Tambiá Pastel","poi","010100000058378364A67041C05DF7FB6AB3761CC0"
"5393727143","restaurant","Iang Chao","poi","0101000000F1AD5978A87041C087F2AA73B1761CC0"
"5393727144","restaurant","Buonguostaio","poi","010100000007825BD2AC7041C09285F93C90761CC0"
"5393727145","fast_food","Subway","poi","0101000000CB4F0537AD7041C00750429F7E761CC0"
"5393727146","restaurant","Happy","poi","0101000000BE929A2CA47041C0E383431438761CC0"
"5393727147","car_wash","Lava Rápido HD Ecológico","poi","0101000000353BF7C3747941C05C7BFA63B5941CC0"
"5393728822","cafe","Tambiá Café","poi","01010000009E955929A97041C0A104471339761CC0"
"5393728823","restaurant","Salsa","poi","0101000000C8900832A77041C02693AEF435761CC0"
"5393754721","fast_food","Crepe de la France","poi","010100000085025BCA9E7041C0A482D4377A761CC0"
"5393754723","restaurant","Bonaparte","poi","0101000000CB97BCA6AC7041C04D15E7035D761CC0"
"5412605579","park","Encanto verde","poi","0101000000C885B9933E6A41C0DDF934DDA1B71CC0"
"5412613157","park","Encanto Verde","poi","0101000000E899A8EF466A41C0AF168ED607B81CC0"
"5412622962","park","Encanto Verde","poi","01010000009CD77D6C376A41C097A7188CB6B71CC0"
"5412623442","park","Encanto Verde","poi","0101000000BEC6890A306A41C0F806150B32B81CC0"
"5412623590","park","Encanto Verde","poi","01010000008EF2823E476A41C04BCD792178B71CC0"
"5412624777","park","Encanto Verde","poi","01010000004FA84CD64D6A41C0E02417ADEDB71CC0"
"5450872621","supermarket","Todo Dia Geisel","poi","0101000000D3399A7EE46F41C01536035C90B51CC0"
"5455312121","restaurant","China Feichang Hao","poi","0101000000A7806A72E76F41C03B2FBA6180B11CC0"
"5506841721","restaurant","Marbeli","poi","0101000000ECCEC941BF6941C0B760A92EE07D1CC0"
"5530998131","supermarket","Mercadinho Madalena","poi","0101000000E44C13B69F6E41C0C9224DBC03BC1CC0"
"5550131649","school","Escola Estadual Milton Campos","poi","0101000000D7828362D06E41C049F25CDF87BB1CC0"
"5612767222","fast_food","083 Burger - Hamburgueria Artesanal","poi","0101000000A1E0BDFE7F7041C0DD2D24BB2D841CC0"
"5638256928","fast_food","Subway","poi","01010000005694B7C8E26B41C0C1960D219D981CC0"
"5638256929","travel_agent","CVC","poi","010100000021DAD836D66B41C08F11F52796981CC0"
"5638256930","travel_agent","Expresso Guanabara","poi","0101000000680CCE3BA96B41C036936FB6B9991CC0"
"5638282849","restaurant","Pizza Mia","poi","0101000000B7A05280836B41C0A473D943569A1CC0"
"5638296301","kiosk","Food Truck","poi","0101000000F7BC2C37626C41C0399B8E006E961CC0"
"5646385842","windmill","Moinho do Pigalle","poi","01010000004473F8FFCC6C41C008C14FC1865C1CC0"
"5649902362","restaurant","Macaxeira Premium","poi","01010000007575C7629B6C41C0162E50F7A6961CC0"
"5649902363","pharmacy","Farmácias Independente","poi","0101000000505CE910936C41C04B9B60EE49961CC0"
"5649902364","pharmacy","Pague Menos","poi","0101000000B2A19BFD816C41C03EE53D737B961CC0"
"5649902365","pharmacy","Farmácias BomDia","poi","0101000000B995140E736C41C0DCAB45FAA3961CC0"
"5649902366","pharmacy","Farmácia Permanente","poi","010100000089C047B3686C41C0A9ED7085C1961CC0"
"5649902367","pharmacy","Pague Menos","poi","01010000002D61C845106C41C0BAE2981BC2971CC0"
"5649902368","pharmacy","Redepharma","poi","0101000000E684BF153F6C41C043AF9A4242971CC0"
"5790665860","doityourself","Mega Nordeste","poi","0101000000CF17D6E8306D41C02208461449AA1CC0"
"5790672055","pharmacy","Drogarias Globo","poi","010100000013D38558FD6D41C0480845A973AB1CC0"
"5790945765","arts_centre","Espaço Cultural","poi","010100000094FB1D8A026C41C0C786C9AF7A7B1CC0"
"5853784072","pub","Bar do Elvis","poi","010100000075464A69EC6C41C0D3421372EF8B1CC0"
"5873875960","recycling","Art Sustentável","poi","0101000000B91B446B457041C0E34D23D2DB8C1CC0"
"5940689286","restaurant","Churrascaria e Lanchonete Três Gerações","poi","01010000003FB37FF9BF7241C08031B66B9DAB1CC0"
"5957441785","post_office","AGF Rodoviária João Pessoa","poi","010100000057282DB70F7241C0D1E000440B7A1CC0"
"5977300285","pub","Donana","poi","0101000000371B2B31CF6F41C01D0D96A0757B1CC0"
"5978745685","car_rental","Localiza","poi","01010000005F7AFB73D16941C0AE073829717A1CC0"
"5980422485","cafe","Villa Phelipea","poi","0101000000F5E0A41FC37141C0F2F510E8A7731CC0"
"5980422585","museum","J Maciel","poi","0101000000979C24A7C07141C0B6FD86E4BF731CC0"
"5980434085","pub","Casarão","poi","0101000000207AF76CC27141C0EF1417EC2B741CC0"
"5980434086","pub","Hera Bárbara","poi","0101000000E3DCCB22B97141C0515326906D741CC0"
"5983899186","guesthouse","Opção","poi","0101000000AE4C535FF17141C060C0DC3873791CC0"
"5983899187","restaurant","Deus É Fiel","poi","010100000073BED87BF17141C01D5BCF108E791CC0"
"5983900085","supermarket","Ki Preço","poi","010100000008228B34F17141C083143C855C791CC0"
"6018657286","nursing_home","terreno","poi","0101000000E78D93C2BC6841C0971705662A911CC0"
"6041727637","school","Escola SESQ Centenário","poi","0101000000B4E908E0666C41C0EC7B1EEDC9751CC0"
"6090183385","supermarket","Supermercado Arruda","poi","0101000000C0D5952AAC6B41C00831E1E187441CC0"
"6123229685","car_rental","Europcar","poi","0101000000052E347CB06941C0320F4F65077B1CC0"
"6123822686","bank","Bradesco","poi","01010000000DFAD2DB9F7141C02FEBB424F6771CC0"
"6126765153","hotel","HARDMAN","poi","010100000056BABBCE866A41C0000CBA7317671CC0"
"6130846986","restaurant","NAU","poi","0101000000A36021CE1E6A41C0CE5A65016E711CC0"
"6132610686","artwork","Alexandrino Contabilidade","poi","0101000000EC8A749A606B41C0149BEA24B6561CC0"
"6133001886","restaurant","Porto Madero","poi","0101000000299831056B6941C047BB1B5597851CC0"
"6161549387","guesthouse","Alohai","poi","010100000058DC24ABC76A41C088E41A553C5C1CC0"
"6213488085","hospital","Unidade de Pronto Atendimento","poi","010100000059C0046EDD6B41C0E6A7829BD6971CC0"
"6250603294","gift_shop","Brinquedos & Presentes","poi","01010000005AD93EE42D6B41C00F39C7CA79601CC0"
"6264953386","fast_food","CLAU HAMBURGUERIA ARTESANAL","poi","010100000037D43950F16A41C0743BA011115B1CC0"
"6379886332","fountain","Chafariz da Lagoa","poi","01010000002E420CCFA67041C0AC6411D43A7B1CC0"
"6434442270","artwork","Coelho","poi","01010000000BAE5EEA8C6C41C00DF32F93F2941CC0"
"6460170446","restaurant","Restaurante Sertanejo","poi","010100000054FC8458A27041C0D20AC2CBC2751CC0"
"6484568385","convenience","Shell Select","poi","01010000000F10278B567341C06589737918A71CC0"
"6498996685","hairdresser","Salão De Beleza Ricks Coiffeur","poi","010100000083C94395506C41C0F39EB93DF7941CC0"
"6516648465","viewpoint","Mirante do Parque Ecológico Bosque dos Sonhos","poi","0101000000F89D70C0F86541C0157541D884971CC0"
"6516656586","viewpoint","Mirante Farol Do Cabo Branco","poi","010100000022D225D2EC6541C030664B5645981CC0"
"6551976570","jeweller","Empório do Aço","poi","01010000008F8B6A11516A41C0C42FAB668CA51CC0"
"6551976572","fast_food","Casa da Pipoca","poi","01010000004EDB1A6C456A41C07C88FCE9F5A51CC0"
"6551976575","beauty_shop","Só Brancelhas","poi","0101000000859E2864426A41C0F0DFBC38F1A51CC0"
"6551976576","toy_shop","Game Box","poi","0101000000D3FAB6BB626A41C06D8D08C6C1A51CC0"
"6551976577","optician","Chilli Beans","poi","010100000070BF3225486A41C0D29B40C7FDA51CC0"
"6551976578","shoe_shop","Vilalara","poi","0101000000C7438424586A41C050C01B77EFA51CC0"
"6551976579","shoe_shop","Santalola","poi","0101000000508072254C6A41C0DBD9FC6431A61CC0"
"6551976580","shoe_shop","Couro e Cia","poi","010100000079DC01E8416A41C075E1AC2DE1A51CC0"
"6551976581","gift_shop","Alecrim Presentes","poi","0101000000C2D43B81556A41C0199AA1A7B7A51CC0"
"6551976583","cafe","Flor di Latte","poi","01010000002CC7759D576A41C0A6A5A8E969A61CC0"
"6551976584","cafe","Delta Café","poi","0101000000D17AF832516A41C0D0AD2182BBA51CC0"
"6551976585","clothes","Toli","poi","01010000000BFD0230546A41C0CDFADEF0CCA51CC0"
"6551976586","clothes","Skyler","poi","0101000000771211FE456A41C0E88F1FE0FFA51CC0"
"6551976587","clothes","Rutra","poi","01010000006EB603BF576A41C015FD46E0B4A51CC0"
"6551976588","clothes","Mioche","poi","0101000000AA413D224B6A41C0AF2DF2A1FAA51CC0"
"6551976589","clothes","Damyller","poi","0101000000885D2569486A41C038E22428D9A51CC0"
"6551976590","clothes","Balão Mágico","poi","0101000000C90D750E546A41C0A6EB2EF598A51CC0"
"6551976591","beauty_shop","Anayara Makeup","poi","0101000000726F7EC3446A41C053735E08DEA51CC0"
"6551976592","sports_shop","Kalunga","poi","01010000003A92CB7F486A41C0DE8C3FF61FA61CC0"
"6551976593","department_store","C&A","poi","01010000009AB1683A3B6A41C09F1628CEF6A51CC0"
"6551976594","outdoor_shop","Renner","poi","0101000000A7C17E99396A41C03EBB325EA9A51CC0"
"6551976595","furniture_shop","Casas Bahia","poi","010100000024A424DA446A41C0619C09979FA51CC0"
"6551976596","department_store","Riachuelo","poi","0101000000AFCA2A114D6A41C02A7A96D695A51CC0"
"6551976597","department_store","Rihappy","poi","01010000000669215C5C6A41C01BD6541685A51CC0"
"6551976598","department_store","Renner","poi","0101000000AAC3C029626A41C056229A8A9EA51CC0"
"6551976599","mobile_phone_shop","Sansung","poi","0101000000D503E621536A41C0657C4E3052A61CC0"
"6551976600","mobile_phone_shop","Qualitech","poi","0101000000705B5B785E6A41C0E7CAFB9353A61CC0"
"6551976601","mobile_phone_shop","Miranda","poi","0101000000685DA3E5406A41C0ED7A0ED18DA51CC0"
"6551976602","toy_shop","Magic Games","poi","0101000000E3CE3B04446A41C0E88B18D1D1A51CC0"
"6551976605","optician","Scala","poi","0101000000CED5A0794A6A41C0C5AA4198DBA51CC0"
"6551976606","optician","Mardan Eyewear","poi","0101000000315B57714F6A41C0B1F215EEA6A51CC0"
"6551976611","mobile_phone_shop","Tim","poi","0101000000D5287F52486A41C03B0CF7DBE8A51CC0"
"6551976612","mobile_phone_shop","Oi","poi","0101000000DF3A5A304C6A41C0B549EAA97AA61CC0"
"6551976613","mobile_phone_shop","Claro","poi","0101000000942EFD4B526A41C013C59A8015A61CC0"
"6551976614","jeweller","Lumaê Pratas","poi","010100000003E962D34A6A41C05AC3FB60CFA51CC0"
"6551976615","jeweller","Bijujux","poi","0101000000E94C350E506A41C069633612B2A51CC0"
"6551976616","gift_shop","Tio Patinhas","poi","0101000000BF3AD8AC446A41C0638E2FEB0FA61CC0"
"6551976617","gift_shop","Mãe do Amor","poi","0101000000D6C4A7A55E6A41C06D1A80B2CEA51CC0"
"6551976618","gift_shop","Imaginarium","poi","01010000005F35E03D516A41C0EF682D16D0A51CC0"
"6551976619","sports_shop","Belomania","poi","010100000070A58DD9486A41C0FADE9513A3A51CC0"
"6551976620","clothes","Tippo","poi","0101000000D7D0178C5B6A41C047DD184C0DA61CC0"
"6551976621","clothes","Polo Wear","poi","01010000006BDD616E526A41C0513BB2A83EA61CC0"
"6551976622","clothes","Pivete","poi","0101000000EBD7E77B576A41C044D32357FBA51CC0"
"6551976623","clothes","Mei Mei","poi","01010000007C1D82F45E6A41C0BA30D28BDAA51CC0"
"6551976624","clothes","Lice Lena","poi","0101000000197E26B15A6A41C081CEA44DD5A51CC0"
"6551976625","clothes","Lupo","poi","010100000003CFBD874B6A41C0D212D0E91EA61CC0"
"6551976626","clothes","Herrero","poi","010100000044A4A65D4C6A41C02A3009BC38A61CC0"
"6551976627","clothes","Hering","poi","0101000000C90D750E546A41C066F3DD5273A61CC0"
"6551976628","clothes","Colombo","poi","0101000000FFFB9D375F6A41C0143C2AA336A61CC0"
"6551976629","clothes","BB Básico","poi","010100000003E962D34A6A41C0974BF443B6A51CC0"
"6551976630","clothes","Aleatory","poi","0101000000733FF1AD596A41C0D7B331C04FA61CC0"
"6551976631","shoe_shop","Usaflex","poi","0101000000B61D09EA4A6A41C01FB292A009A61CC0"
"6551976632","shoe_shop","Pepoka","poi","01010000009C5C42F45A6A41C02265D531F8A51CC0"
"6551976633","shoe_shop","Passomania","poi","01010000006BF706BA516A41C06A673D21E0A51CC0"
"6551976634","shoe_shop","Esposende","poi","01010000001434773E4D6A41C09AB4A9BA47A61CC0"
"6551976635","shoe_shop","Di Santinni","poi","01010000001E2CADD0516A41C0DED6CC107DA51CC0"
"6551976636","shoe_shop","Davolli","poi","0101000000799DC36B4D6A41C0AACF7A9D79A61CC0"
"6551976639","furniture_shop","Magazine Luíza","poi","01010000006E77C542636A41C0310510E3DAA51CC0"
"6597669968","car_rental","Foco Aluguel de Carros","poi","0101000000B2518CE20B7741C0E1B0D93631891CC0"
"6625102685","monument","Janela do Tempo","poi","0101000000F316B435C77041C06DF82702E67B1CC0"
"6682973486","restaurant","Barril 21","poi","010100000015408C6BD76B41C0D6FECEF6E83D1CC0"
"6708414402","monument","Monumento ao Cooperativismo","poi","0101000000F2ADB4311B6F41C02385B2F0F57D1CC0"
